faixa,bloco_validacao,quadro,temperatura,intensidade,calibracao,espaco,semente,iou_amarelo,iou_azul,iou_vermelho,miou
0,0,0,2700,0.4,sem,ab,0,0.000551450314327,0.0,0.618604651163,0.206385367159
0,0,0,2700,0.4,sem,Lab,0,0.0,0.0,0.615044247788,0.205014749263
0,0,0,2700,0.4,sem,ab,1,0.000550842789468,0.0,0.641414141414,0.213988328068
0,0,0,2700,0.4,sem,Lab,1,0.0,0.0,0.618604651163,0.206201550388
0,0,0,2700,0.4,sem,ab,2,0.000570255474453,0.0,0.661458333333,0.220676196269
0,0,0,2700,0.4,sem,Lab,2,0.0,0.0,0.618604651163,0.206201550388
0,0,0,2700,0.4,campo,ab,0,0.755102040816,0.043767174619,0.70351758794,0.500795601125
0,0,0,2700,0.4,campo,Lab,0,0.89156626506,0.642020497804,0.644859813084,0.726148858649
0,0,0,2700,0.4,campo,ab,1,0.757679180887,0.0438701923077,0.656862745098,0.486137372764
0,0,0,2700,0.4,campo,Lab,1,0.857142857143,0.630215827338,0.644549763033,0.710636149171
0,0,0,2700,0.4,campo,ab,2,0.756388415673,0.0431983487321,0.685863874346,0.495150212917
0,0,0,2700,0.4,campo,Lab,2,0.872298624754,0.645541635962,0.644230769231,0.720690343316
0,0,0,2700,1.0,sem,ab,0,0.0,0.0,0.620253164557,0.206751054852
0,0,0,2700,1.0,sem,Lab,0,0.00381216426962,0.0,0.485981308411,0.163264490894
0,0,0,2700,1.0,sem,ab,1,0.0026113671275,0.0,0.610655737705,0.204422368277
0,0,0,2700,1.0,sem,Lab,1,0.00370876439586,0.0,0.489028213166,0.164245659187
0,0,0,2700,1.0,sem,ab,2,0.0,0.0,0.610655737705,0.203551912568
0,0,0,2700,1.0,sem,Lab,2,0.00384837406196,0.0,0.503267973856,0.169038782639
0,0,0,2700,1.0,campo,ab,0,0.742574257426,0.0349393746011,0.674208144796,0.483907258941
0,0,0,2700,1.0,campo,Lab,0,0.87890625,0.587000677048,0.678899082569,0.714935336539
0,0,0,2700,1.0,campo,ab,1,0.746268656716,0.0350463554987,0.666666666667,0.482660559627
0,0,0,2700,1.0,campo,Lab,1,0.908722109533,0.591405184175,0.650655021834,0.716927438514
0,0,0,2700,1.0,campo,ab,2,0.743801652893,0.0350161889915,0.663716814159,0.480844885348
0,0,0,2700,1.0,campo,Lab,2,0.901803607214,0.628383321141,0.628691983122,0.719626303826
0,0,0,2700,1.5,sem,ab,0,0.00147617039224,0.0,0.586466165414,0.195980778602
0,0,0,2700,1.5,sem,Lab,0,0.00173988690735,0.0,0.42091152815,0.140883805019
0,0,0,2700,1.5,sem,ab,1,0.001716001716,0.0,0.597701149425,0.199805717047
0,0,0,2700,1.5,sem,Lab,1,0.00187441424555,0.0,0.42091152815,0.140928647465
0,0,0,2700,1.5,sem,ab,2,0.00172506738544,0.0,0.595419847328,0.199048304905
0,0,0,2700,1.5,sem,Lab,2,0.0024554941682,0.0,0.425474254743,0.142643249637
0,0,0,2700,1.5,campo,ab,0,0.732463295269,0.0408211198797,0.653846153846,0.475710189665
0,0,0,2700,1.5,campo,Lab,0,0.901606425703,0.565850430179,0.595419847328,0.687625567737
0,0,0,2700,1.5,campo,ab,1,0.727714748784,0.0405831177992,0.651260504202,0.473186123595
0,0,0,2700,1.5,campo,Lab,1,0.899799599198,0.570187165775,0.63179916318,0.700595309385
0,0,0,2700,1.5,campo,ab,2,0.731270358306,0.0405685240964,0.639344262295,0.470394381566
0,0,0,2700,1.5,campo,Lab,2,0.901606425703,0.858037578288,0.552816901408,0.7708203018
0,0,0,3200,0.4,sem,ab,0,0.0747245179063,0.0,0.679347826087,0.251357447998
0,0,0,3200,0.4,sem,Lab,0,0.0,0.0,0.664893617021,0.221631205674
0,0,0,3200,0.4,sem,ab,1,0.0727794663965,0.0,0.679144385027,0.250641283808
0,0,0,3200,0.4,sem,Lab,1,0.0,0.0,0.639423076923,0.213141025641
0,0,0,3200,0.4,sem,ab,2,0.0746987951807,0.0,0.679144385027,0.251281060069
0,0,0,3200,0.4,sem,Lab,2,0.0,0.0,0.647959183673,0.215986394558
0,0,0,3200,0.4,campo,ab,0,0.766435986159,0.0378310758347,0.688775510204,0.497680857399
0,0,0,3200,0.4,campo,Lab,0,0.89314516129,0.532326283988,0.62443438914,0.683301944806
0,0,0,3200,0.4,campo,ab,1,0.766435986159,0.0379982668977,0.691943127962,0.49879246034
0,0,0,3200,0.4,campo,Lab,1,0.886,0.639416058394,0.676056338028,0.733824132141
0,0,0,3200,0.4,campo,ab,2,0.766435986159,0.0378843575661,0.649350649351,0.484556997692
0,0,0,3200,0.4,campo,Lab,2,0.886,0.639092240117,0.66976744186,0.731619893993
0,0,0,3200,1.0,sem,ab,0,0.0511127415016,0.0,0.646017699115,0.232376813539
0,0,0,3200,1.0,sem,Lab,0,0.0631678614906,0.0,0.629310344828,0.230826068773
0,0,0,3200,1.0,sem,ab,1,0.0544035414725,0.0,0.640350877193,0.231584806222
0,0,0,3200,1.0,sem,Lab,1,0.0644137931034,0.0,0.623931623932,0.229448472345
0,0,0,3200,1.0,sem,ab,2,0.054352886406,0.0,0.626050420168,0.226801102191
0,0,0,3200,1.0,sem,Lab,2,0.0624331550802,0.0,0.605691056911,0.222708070664
0,0,0,3200,1.0,campo,ab,0,0.747457627119,0.0388125830749,0.677272727273,0.487847645822
0,0,0,3200,1.0,campo,Lab,0,0.854651162791,0.564964447317,0.643171806167,0.687595805425
0,0,0,3200,1.0,campo,ab,1,0.75,0.0383310128785,0.672897196262,0.487076069713
0,0,0,3200,1.0,campo,Lab,1,0.882,0.644756277696,0.646017699115,0.72425799227
0,0,0,3200,1.0,campo,ab,2,0.755136986301,0.0386899485907,0.692307692308,0.495378209067
0,0,0,3200,1.0,campo,Lab,2,0.892712550607,0.59428182437,0.637554585153,0.70818298671
0,0,0,3200,1.5,sem,ab,0,0.0484289121643,0.0,0.459064327485,0.169164413217
0,0,0,3200,1.5,sem,Lab,0,0.0539323247488,0.0,0.475609756098,0.176514026949
0,0,0,3200,1.5,sem,ab,1,0.0538204448542,0.00105152471083,0.610441767068,0.221771245544
0,0,0,3200,1.5,sem,Lab,1,0.0540634406113,0.0,0.611764705882,0.221942715498
0,0,0,3200,1.5,sem,ab,2,0.0484138503006,0.0,0.63829787234,0.228903907547
0,0,0,3200,1.5,sem,Lab,2,0.0539012003693,0.0,0.611111111111,0.221670770493
0,0,0,3200,1.5,campo,ab,0,0.741463414634,0.0351446661858,0.635627530364,0.470745203728
0,0,0,3200,1.5,campo,Lab,0,0.912,0.556493506494,0.604743083004,0.691078863166
0,0,0,3200,1.5,campo,ab,1,0.751235584843,0.034892591849,0.663755458515,0.483294545069
0,0,0,3200,1.5,campo,Lab,1,0.912,0.590062111801,0.65367965368,0.718580588494
0,0,0,3200,1.5,campo,ab,2,0.75,0.0348911651729,0.665198237885,0.483363134353
0,0,0,3200,1.5,campo,Lab,2,0.912,0.565104166667,0.636752136752,0.704618767806
0,0,0,3800,0.4,sem,ab,0,0.691851851852,0.0,0.62,0.437283950617
0,0,0,3800,0.4,sem,Lab,0,0.912205567452,0.0,0.681318681319,0.53117474959
0,0,0,3800,0.4,sem,ab,1,0.715625,0.0,0.643171806167,0.452932268722
0,0,0,3800,0.4,sem,Lab,1,0.873661670236,0.0,0.688888888889,0.520850186375
0,0,0,3800,0.4,sem,ab,2,0.707575757576,0.0,0.640350877193,0.449308878256
0,0,0,3800,0.4,sem,Lab,2,0.873661670236,0.0,0.688888888889,0.520850186375
0,0,0,3800,0.4,campo,ab,0,0.76116838488,0.0387113880419,0.648068669528,0.482649480817
0,0,0,3800,0.4,campo,Lab,0,0.856866537718,0.65543071161,0.641860465116,0.718052571481
0,0,0,3800,0.4,campo,ab,1,0.76116838488,0.0387978869801,0.666666666667,0.488877646175
0,0,0,3800,0.4,campo,Lab,1,0.884231536926,0.517930629042,0.642201834862,0.681454666943
0,0,0,3800,0.4,campo,ab,2,0.758561643836,0.0386074832333,0.704301075269,0.500490067446
0,0,0,3800,0.4,campo,Lab,2,0.795332136445,0.672811059908,0.660194174757,0.70944579037
0,0,0,3800,1.0,sem,ab,0,0.141258318209,0.0,0.528813559322,0.22335729251
0,0,0,3800,1.0,sem,Lab,0,0.145076110593,0.0,0.640350877193,0.261808995929
0,0,0,3800,1.0,sem,ab,1,0.141558047893,0.0,0.632478632479,0.258012226791
0,0,0,3800,1.0,sem,Lab,1,0.145121193288,0.0,0.640350877193,0.261824023494
0,0,0,3800,1.0,sem,ab,2,0.140874811463,0.0,0.59375,0.244874937154
0,0,0,3800,1.0,sem,Lab,2,0.145076110593,0.0,0.640350877193,0.261808995929
0,0,0,3800,1.0,campo,ab,0,0.751277683135,0.0445250996831,0.701421800948,0.499074861255
0,0,0,3800,1.0,campo,Lab,0,0.875,0.650037230082,0.640350877193,0.721796035758
0,0,0,3800,1.0,campo,ab,1,0.753846153846,0.044910948006,0.659090909091,0.485949336981
0,0,0,3800,1.0,campo,Lab,1,0.851351351351,0.668711656442,0.640350877193,0.720137961662
0,0,0,3800,1.0,campo,ab,2,0.753846153846,0.0449253807888,0.669902912621,0.489558149085
0,0,0,3800,1.0,campo,Lab,2,0.885542168675,0.670498084291,0.663636363636,0.739892205534
0,0,0,3800,1.5,sem,ab,0,0.0834524660472,0.0,0.625514403292,0.23632228978
0,0,0,3800,1.5,sem,Lab,0,0.0860353721444,0.0,0.627615062762,0.237883478302
0,0,0,3800,1.5,sem,ab,1,0.0847703757488,0.0,0.451149425287,0.178639933679
0,0,0,3800,1.5,sem,Lab,1,0.0927691696464,0.0,0.626050420168,0.239606529938
0,0,0,3800,1.5,sem,ab,2,0.0846321130845,0.0,0.674208144796,0.252946752627
0,0,0,3800,1.5,sem,Lab,2,0.0894293374186,0.0,0.566539923954,0.218656420458
0,0,0,3800,1.5,campo,ab,0,0.737704918033,0.0347501093396,0.644351464435,0.472268830603
0,0,0,3800,1.5,campo,Lab,0,0.901803607214,0.548757170172,0.627615062762,0.692725280049
0,0,0,3800,1.5,campo,ab,1,0.731707317073,0.0348365545216,0.639344262295,0.468629377963
0,0,0,3800,1.5,campo,Lab,1,0.892857142857,0.564705882353,0.626050420168,0.694537815126
0,0,0,3800,1.5,campo,ab,2,0.746268656716,0.0349217752235,0.655021834061,0.478737422
0,0,0,3800,1.5,campo,Lab,2,0.903614457831,0.6223977028,0.631355932203,0.719122697611
0,0,200,2700,0.4,sem,ab,0,0.000438837081733,0.0,0.63184079602,0.210759877701
0,0,200,2700,0.4,sem,Lab,0,0.0,0.0,0.611607142857,0.203869047619
0,0,200,2700,0.4,sem,ab,1,0.000438692695767,0.0,0.638613861386,0.213017518027
0,0,200,2700,0.4,sem,Lab,1,0.0,0.0,0.612903225806,0.204301075269
0,0,200,2700,0.4,sem,ab,2,0.000467071461934,0.0,0.614678899083,0.205048656848
0,0,200,2700,0.4,sem,Lab,2,0.0,0.0,0.611872146119,0.20395738204
0,0,200,2700,0.4,campo,ab,0,0.751269035533,0.0353496630483,0.680751173709,0.489123290763
0,0,200,2700,0.4,campo,Lab,0,0.894736842105,0.681712062257,0.646226415094,0.740891773152
0,0,200,2700,0.4,campo,ab,1,0.751269035533,0.0354186018335,0.684210526316,0.490299387894
0,0,200,2700,0.4,campo,Lab,1,0.8671875,0.650887573964,0.644230769231,0.720768614398
0,0,200,2700,0.4,campo,ab,2,0.751269035533,0.0349104453955,0.694300518135,0.493493333021
0,0,200,2700,0.4,campo,Lab,2,0.868884540117,0.55253164557,0.625570776256,0.682328987314
0,0,200,2700,1.0,sem,ab,0,0.00286759616335,0.0,0.588932806324,0.197266800829
0,0,200,2700,1.0,sem,Lab,0,0.00528355054597,0.0,0.498381877023,0.167888475856
0,0,200,2700,1.0,sem,ab,1,0.00308084563901,0.0,0.6,0.201026948546
0,0,200,2700,1.0,sem,Lab,1,0.00592066311427,0.0,0.48427672956,0.163399130891
0,0,200,2700,1.0,sem,ab,2,0.0,0.0,0.59126984127,0.19708994709
0,0,200,2700,1.0,sem,Lab,2,0.00531443755536,0.0,0.522336769759,0.175883735772
0,0,200,2700,1.0,campo,ab,0,0.739635157546,0.0285834930328,0.669642857143,0.47928716924
0,0,200,2700,1.0,campo,Lab,0,0.89378757515,0.628075253256,0.63829787234,0.720053566916
0,0,200,2700,1.0,campo,ab,1,0.733552631579,0.0289051672936,0.621951219512,0.461469672795
0,0,200,2700,1.0,campo,Lab,1,0.890219560878,0.339779005525,0.604838709677,0.61161242536
0,0,200,2700,1.0,campo,ab,2,0.742096505824,0.0289357204202,0.652173913043,0.474402046429
0,0,200,2700,1.0,campo,Lab,2,0.897384305835,0.621660649819,0.617283950617,0.712109635424
0,0,200,2700,1.5,sem,ab,0,0.00196753566158,0.0,0.576779026217,0.192915520626
0,0,200,2700,1.5,sem,Lab,0,0.0024543805357,0.0,0.418666666667,0.140373682401
0,0,200,2700,1.5,sem,ab,1,0.00234341712825,0.0,0.581132075472,0.194491830867
0,0,200,2700,1.5,sem,Lab,1,0.002997002997,0.0,0.404639175258,0.135878726085
0,0,200,2700,1.5,sem,ab,2,0.00209843571156,0.0,0.578947368421,0.193681934711
0,0,200,2700,1.5,sem,Lab,2,0.00332829046899,0.0,0.419786096257,0.141038128909
0,0,200,2700,1.5,campo,ab,0,0.739273927393,0.0360266987273,0.665217391304,0.480172672475
0,0,200,2700,1.5,campo,Lab,0,0.899598393574,0.74671340929,0.581132075472,0.742481292779
0,0,200,2700,1.5,campo,ab,1,0.73805601318,0.0358948851861,0.666666666667,0.480205855011
0,0,200,2700,1.5,campo,Lab,1,0.899598393574,0.8875,0.63179916318,0.806299185585
0,0,200,2700,1.5,campo,ab,2,0.735632183908,0.0360341681871,0.655319148936,0.475661833677
0,0,200,2700,1.5,campo,Lab,2,0.899598393574,0.888544891641,0.6375,0.808547761738
0,0,200,3200,0.4,sem,ab,0,0.073566293262,0.0,0.675531914894,0.249699402719
0,0,200,3200,0.4,sem,Lab,0,0.0,0.0,0.670212765957,0.223404255319
0,0,200,3200,0.4,sem,ab,1,0.0747471284073,0.0,0.675531914894,0.250093014434
0,0,200,3200,0.4,sem,Lab,1,0.0,0.0,0.610655737705,0.203551912568
0,0,200,3200,0.4,sem,ab,2,0.0732115932317,0.0,0.664921465969,0.246044353067
0,0,200,3200,0.4,sem,Lab,2,0.0,0.0,0.638190954774,0.212730318258
0,0,200,3200,0.4,campo,ab,0,0.76116838488,0.0298943506471,0.633333333333,0.47479868962
0,0,200,3200,0.4,campo,Lab,0,0.891348088531,0.635115606936,0.658536585366,0.728333426944
0,0,200,3200,0.4,campo,ab,1,0.76116838488,0.0299452138701,0.689119170984,0.493410923245
0,0,200,3200,0.4,campo,Lab,1,0.891348088531,0.654422788606,0.628440366972,0.72473708137
0,0,200,3200,0.4,campo,ab,2,0.76116838488,0.030288395198,0.707446808511,0.499634529529
0,0,200,3200,0.4,campo,Lab,2,0.889558232932,0.620226308345,0.645739910314,0.71850815053
0,0,200,3200,1.0,sem,ab,0,0.0544035414725,0.0,0.629955947137,0.228119829536
0,0,200,3200,1.0,sem,Lab,0,0.0622998932764,0.0,0.598393574297,0.220231155858
0,0,200,3200,1.0,sem,ab,1,0.0551618237657,0.0,0.643171806167,0.232777876644
0,0,200,3200,1.0,sem,Lab,1,0.0578041836861,0.0,0.634782608696,0.230862264127
0,0,200,3200,1.0,sem,ab,2,0.0514786418401,0.0,0.642533936652,0.231337526164
0,0,200,3200,1.0,sem,Lab,2,0.0585726828045,0.0,0.598393574297,0.218988752367
0,0,200,3200,1.0,campo,ab,0,0.737896494157,0.0338558718176,0.691588785047,0.487780383674
0,0,200,3200,1.0,campo,Lab,0,0.86328125,0.582724252492,0.629310344828,0.691771949106
0,0,200,3200,1.0,campo,ab,1,0.737896494157,0.0337178008458,0.641025641026,0.470879978676
0,0,200,3200,1.0,campo,Lab,1,0.888663967611,0.662604722011,0.623931623932,0.725066771185
0,0,200,3200,1.0,campo,ab,2,0.754266211604,0.0335429769392,0.655021834061,0.480943674201
0,0,200,3200,1.0,campo,Lab,2,0.885771543086,0.591062965471,0.634042553191,0.703625687249
0,0,200,3200,1.5,sem,ab,0,0.0558478832815,0.0,0.622406639004,0.226084840762
0,0,200,3200,1.5,sem,Lab,0,0.00231124807396,0.0,0.513333333333,0.171881527136
0,0,200,3200,1.5,sem,ab,1,0.0580052167433,0.0,0.616326530612,0.224777249119
0,0,200,3200,1.5,sem,Lab,1,0.0541135573581,0.0,0.625514403292,0.22654265355
0,0,200,3200,1.5,sem,ab,2,0.0562934080663,0.0,0.623966942149,0.226753450072
0,0,200,3200,1.5,sem,Lab,2,0.0540634406113,0.0,0.599221789883,0.217761743498
0,0,200,3200,1.5,campo,ab,0,0.750825082508,0.0314946426639,0.635245901639,0.472521875604
0,0,200,3200,1.5,campo,Lab,0,0.908183632735,0.534525277435,0.6015625,0.68142380339
0,0,200,3200,1.5,campo,ab,1,0.757071547421,0.0316355241325,0.676991150442,0.488566073999
0,0,200,3200,1.5,campo,Lab,1,0.91,0.664852255054,0.596078431373,0.723643562142
0,0,200,3200,1.5,campo,ab,2,0.752066115702,0.0315717227179,0.648535564854,0.477391134425
0,0,200,3200,1.5,campo,Lab,2,0.902777777778,0.642910727682,0.495268138801,0.68031888142
0,0,200,3800,0.4,sem,ab,0,0.687022900763,0.0,0.666666666667,0.45122985581
0,0,200,3800,0.4,sem,Lab,0,0.905781584582,0.0,0.681318681319,0.529033421967
0,0,200,3800,0.4,sem,ab,1,0.690828402367,0.0,0.660098522167,0.450308974845
0,0,200,3800,0.4,sem,Lab,1,0.880085653105,0.0,0.590476190476,0.490187281194
0,0,200,3800,0.4,sem,ab,2,0.689807976366,0.0,0.681081081081,0.456963019149
0,0,200,3800,0.4,sem,Lab,2,0.880324543611,0.0,0.615384615385,0.498569719665
0,0,200,3800,0.4,campo,ab,0,0.754266211604,0.0310895506533,0.627615062762,0.470990275006
0,0,200,3800,0.4,campo,Lab,0,0.878727634195,0.672294704528,0.642857142857,0.731293160527
0,0,200,3800,0.4,campo,ab,1,0.758147512864,0.0310288706482,0.660098522167,0.483091635227
0,0,200,3800,0.4,campo,Lab,1,0.892929292929,0.565245478036,0.688888888889,0.715687886618
0,0,200,3800,0.4,campo,ab,2,0.754266211604,0.0309776664432,0.696335078534,0.493859652194
0,0,200,3800,0.4,campo,Lab,2,0.859922178988,0.640762463343,0.627272727273,0.709319123201
0,0,200,3800,1.0,sem,ab,0,0.143736534318,0.00199203187251,0.619834710744,0.255187758978
0,0,200,3800,1.0,sem,Lab,0,0.148019017433,0.0,0.634782608696,0.260933875376
0,0,200,3800,1.0,sem,ab,1,0.144002466852,0.00199203187251,0.628691983122,0.258228827282
0,0,200,3800,1.0,sem,Lab,1,0.147878404053,0.0,0.634782608696,0.26088700425
0,0,200,3800,1.0,sem,ab,2,0.144091329836,0.00199203187251,0.602409638554,0.249497666754
0,0,200,3800,1.0,sem,Lab,2,0.148019017433,0.0,0.634782608696,0.260933875376
0,0,200,3800,1.0,campo,ab,0,0.751700680272,0.0364793477809,0.68202764977,0.490069225941
0,0,200,3800,1.0,campo,Lab,0,0.887550200803,0.664897649735,0.637554585153,0.730000811897
0,0,200,3800,1.0,campo,ab,1,0.749152542373,0.0364908772807,0.660714285714,0.482119235123
0,0,200,3800,1.0,campo,Lab,1,0.880478087649,0.667431192661,0.640350877193,0.729420052501
0,0,200,3800,1.0,campo,ab,2,0.749152542373,0.036077402427,0.715025906736,0.500085283845
0,0,200,3800,1.0,campo,Lab,2,0.878727634195,0.667431192661,0.640350877193,0.728836568016
0,0,200,3800,1.5,sem,ab,0,0.0866097922849,0.00193610842207,0.614754098361,0.234433333023
0,0,200,3800,1.5,sem,Lab,0,0.0854528819762,0.0,0.632911392405,0.239454758127
0,0,200,3800,1.5,sem,ab,1,0.086497499537,0.00193236714976,0.622406639004,0.236945501897
0,0,200,3800,1.5,sem,Lab,1,0.0916405023548,0.0,0.63025210084,0.240630867732
0,0,200,3800,1.5,sem,ab,2,0.086497499537,0.00290697674419,0.63829787234,0.242567449541
0,0,200,3800,1.5,sem,Lab,2,0.0905214188796,0.0,0.574712643678,0.221744687519
0,0,200,3800,1.5,campo,ab,0,0.742951907131,0.0316124137433,0.6866359447,0.487066755192
0,0,200,3800,1.5,campo,Lab,0,0.896,0.574257425743,0.636752136752,0.702336520832
0,0,200,3800,1.5,campo,ab,1,0.742951907131,0.0316252569327,0.678733031674,0.484436731913
0,0,200,3800,1.5,campo,Lab,1,0.892430278884,0.642160540135,0.55871886121,0.69776989341
0,0,200,3800,1.5,campo,ab,2,0.742951907131,0.0316343830033,0.675675675676,0.48342065527
0,0,200,3800,1.5,campo,Lab,2,0.896,0.576237623762,0.634042553191,0.702093392318
0,0,400,2700,0.4,sem,ab,0,0.000573460259204,0.0,0.65445026178,0.21834124068
0,0,400,2700,0.4,sem,Lab,0,0.0,0.0,0.61214953271,0.204049844237
0,0,400,2700,0.4,sem,ab,1,0.000547405298883,0.0,0.62100456621,0.207183990503
0,0,400,2700,0.4,sem,Lab,1,0.0,0.0,0.618181818182,0.206060606061
0,0,400,2700,0.4,sem,ab,2,0.000547585149491,0.0,0.646153846154,0.215567143768
0,0,400,2700,0.4,sem,Lab,2,0.0,0.0,0.615023474178,0.205007824726
0,0,400,2700,0.4,campo,ab,0,0.760204081633,0.0428165981601,0.675675675676,0.492898785156
0,0,400,2700,0.4,campo,Lab,0,0.876470588235,0.631272727273,0.687179487179,0.731640934229
0,0,400,2700,0.4,campo,ab,1,0.75,0.0419190233201,0.622950819672,0.471623280997
0,0,400,2700,0.4,campo,Lab,1,0.862934362934,0.66692131398,0.642156862745,0.724004179887
0,0,400,2700,0.4,campo,ab,2,0.75,0.042631886315,0.689839572193,0.494157152836
0,0,400,2700,0.4,campo,Lab,2,0.867961165049,0.673343605547,0.634259259259,0.725188009952
0,0,400,2700,1.0,sem,ab,0,0.00217112405013,0.0,0.627118644068,0.209763256039
0,0,400,2700,1.0,sem,Lab,0,0.00511307767945,0.0,0.489096573209,0.164736550296
0,0,400,2700,1.0,sem,ab,1,0.0,0.0,0.59437751004,0.19812583668
0,0,400,2700,1.0,sem,Lab,1,0.00506625097428,0.0,0.490384615385,0.165150288786
0,0,400,2700,1.0,sem,ab,2,0.0,0.0,0.592,0.197333333333
0,0,400,2700,1.0,sem,Lab,2,0.00506526397818,0.0,0.596774193548,0.200613152509
0,0,400,2700,1.0,campo,ab,0,0.749174917492,0.0345974190484,0.65367965368,0.479150663407
0,0,400,2700,1.0,campo,Lab,0,0.917004048583,0.57264957265,0.61316872428,0.700940781837
0,0,400,2700,1.0,campo,ab,1,0.744262295082,0.0341151385928,0.648068669528,0.475482034401
0,0,400,2700,1.0,campo,Lab,1,0.90618762475,0.840579710145,0.648068669528,0.798278668141
0,0,400,2700,1.0,campo,ab,2,0.76430976431,0.0345630301835,0.660869565217,0.48658078657
0,0,400,2700,1.0,campo,Lab,2,0.911646586345,0.639259259259,0.651982378855,0.73429607482
0,0,400,2700,1.5,sem,ab,0,0.00178638585935,0.0,0.584905660377,0.195564015412
0,0,400,2700,1.5,sem,Lab,0,0.00250178699071,0.0,0.416445623342,0.139649136778
0,0,400,2700,1.5,sem,ab,1,0.00112538685173,0.0,0.583643122677,0.194922836509
0,0,400,2700,1.5,sem,Lab,1,0.00197541703248,0.0,0.416886543536,0.139620653523
0,0,400,2700,1.5,sem,ab,2,0.00150023441163,0.0,0.587121212121,0.196207148844
0,0,400,2700,1.5,sem,Lab,2,0.00212743325178,0.0,0.425876010782,0.142667814678
0,0,400,2700,1.5,campo,ab,0,0.759075907591,0.0439772496445,0.672413793103,0.49182231678
0,0,400,2700,1.5,campo,Lab,0,0.92,0.575859743763,0.655462184874,0.717107309546
0,0,400,2700,1.5,campo,ab,1,0.759075907591,0.0438271291453,0.666666666667,0.489856567801
0,0,400,2700,1.5,campo,Lab,1,0.921843687375,0.880535530381,0.632653061224,0.811677426327
0,0,400,2700,1.5,campo,ab,2,0.760330578512,0.0439130876231,0.676855895197,0.493699853777
0,0,400,2700,1.5,campo,Lab,2,0.921843687375,0.755968169761,0.656779661017,0.778197172718
0,0,400,3200,0.4,sem,ab,0,0.0718213631061,0.0,0.690607734807,0.254143032638
0,0,400,3200,0.4,sem,Lab,0,0.0,0.0,0.661375661376,0.220458553792
0,0,400,3200,0.4,sem,ab,1,0.0719041278296,0.0,0.679347826087,0.250417317972
0,0,400,3200,0.4,sem,Lab,1,0.0,0.0,0.661375661376,0.220458553792
0,0,400,3200,0.4,sem,ab,2,0.0724396336386,0.0,0.690607734807,0.254349122815
0,0,400,3200,0.4,sem,Lab,2,0.0,0.0,0.65625,0.21875
0,0,400,3200,0.4,campo,ab,0,0.764604810997,0.0370307529162,0.689839572193,0.497158378702
0,0,400,3200,0.4,campo,Lab,0,0.897177419355,0.488075429839,0.653465346535,0.67957273191
0,0,400,3200,0.4,campo,ab,1,0.763293310463,0.0370746571864,0.693548387097,0.497972118249
0,0,400,3200,0.4,campo,Lab,1,0.897177419355,0.597420230821,0.663507109005,0.71936825306
0,0,400,3200,0.4,campo,ab,2,0.764604810997,0.0367702805155,0.693548387097,0.498307826203
0,0,400,3200,0.4,campo,Lab,2,0.894949494949,0.673359073359,0.65671641791,0.741674995406
0,0,400,3200,1.0,sem,ab,0,0.0548245614035,0.0,0.637554585153,0.230793048852
0,0,400,3200,1.0,sem,Lab,0,0.0641659796647,0.0,0.413157894737,0.159107958134
0,0,400,3200,1.0,sem,ab,1,0.0562244160848,0.0,0.631578947368,0.229267787818
0,0,400,3200,1.0,sem,Lab,1,0.0644049096676,0.0,0.623376623377,0.229260511015
0,0,400,3200,1.0,sem,ab,2,0.0552793560606,0.0,0.632743362832,0.229340906297
0,0,400,3200,1.0,sem,Lab,2,0.0722910216718,0.0,0.592,0.221430340557
0,0,400,3200,1.0,campo,ab,0,0.748310810811,0.0381097560976,0.663716814159,0.483379127023
0,0,400,3200,1.0,campo,Lab,0,0.845419847328,0.61706629055,0.651982378855,0.704822838911
0,0,400,3200,1.0,campo,ab,1,0.749576988156,0.0381088949724,0.657777777778,0.481821220302
0,0,400,3200,1.0,campo,Lab,1,0.894949494949,0.719110378913,0.62447257384,0.746177482567
0,0,400,3200,1.0,campo,ab,2,0.739565943239,0.0379510756419,0.680365296804,0.485960771895
0,0,400,3200,1.0,campo,Lab,2,0.882470119522,0.600276625173,0.680555555556,0.72110076675
0,0,400,3200,1.5,sem,ab,0,0.0563121089437,0.00212314225053,0.604743083004,0.221059444733
0,0,400,3200,1.5,sem,Lab,0,0.0599948612539,0.0,0.467261904762,0.175752255339
0,0,400,3200,1.5,sem,ab,1,0.0526909624281,0.0,0.645299145299,0.232663369242
0,0,400,3200,1.5,sem,Lab,1,0.0539385539386,0.0,0.604743083004,0.219560545648
0,0,400,3200,1.5,sem,ab,2,0.0578121106404,0.0,0.609561752988,0.222457954543
0,0,400,3200,1.5,sem,Lab,2,0.0539012003693,0.0,0.621399176955,0.225100125775
0,0,400,3200,1.5,campo,ab,0,0.758223684211,0.0364099991639,0.669603524229,0.488079069201
0,0,400,3200,1.5,campo,Lab,0,0.922,0.592465753425,0.619433198381,0.711299650602
0,0,400,3200,1.5,campo,ab,1,0.753267973856,0.036427437547,0.660869565217,0.483521658874
0,0,400,3200,1.5,campo,Lab,1,0.922,0.566841415465,0.606425702811,0.698422372759
0,0,400,3200,1.5,campo,ab,2,0.759472817133,0.0364358920728,0.658008658009,0.484639122405
0,0,400,3200,1.5,campo,Lab,2,0.922,0.620343839542,0.611336032389,0.717893290643
0,0,400,3800,0.4,sem,ab,0,0.716279069767,0.0,0.655,0.457093023256
0,0,400,3800,0.4,sem,Lab,0,0.884368308351,0.0,0.690607734807,0.524992014386
0,0,400,3800,0.4,sem,ab,1,0.708649468892,0.0,0.629955947137,0.446201805343
0,0,400,3800,0.4,sem,Lab,1,0.884368308351,0.0,0.690607734807,0.524992014386
0,0,400,3800,0.4,sem,ab,2,0.680758017493,0.0,0.661538461538,0.447432159677
0,0,400,3800,0.4,sem,Lab,2,0.888650963597,0.0,0.690607734807,0.526419566135
0,0,400,3800,0.4,campo,ab,0,0.761578044597,0.0379691907138,0.645299145299,0.481615460203
0,0,400,3800,0.4,campo,Lab,0,0.858800773694,0.682774746687,0.623966942149,0.72184748751
0,0,400,3800,0.4,campo,ab,1,0.755102040816,0.0379664823773,0.689839572193,0.494302698462
0,0,400,3800,0.4,campo,Lab,1,0.85549132948,0.664133738602,0.642857142857,0.720827403646
0,0,400,3800,0.4,campo,ab,2,0.755102040816,0.0376223049615,0.642553191489,0.478425845756
0,0,400,3800,0.4,campo,Lab,2,0.865497076023,0.606772633034,0.635135135135,0.702468281397
0,0,400,3800,1.0,sem,ab,0,0.141130250831,0.00202224469161,0.57358490566,0.238912467061
0,0,400,3800,1.0,sem,Lab,0,0.145664379289,0.0,0.634782608696,0.260148995995
0,0,400,3800,1.0,sem,ab,1,0.139820359281,0.00202224469161,0.545774647887,0.22920575062
0,0,400,3800,1.0,sem,Lab,1,0.145664379289,0.0,0.634782608696,0.260148995995
0,0,400,3800,1.0,sem,ab,2,0.140917320459,0.00202224469161,0.569288389513,0.237409318221
0,0,400,3800,1.0,sem,Lab,2,0.146486825596,0.0,0.614349775785,0.25361220046
0,0,400,3800,1.0,campo,ab,0,0.752559726962,0.0436883530936,0.634259259259,0.476835779772
0,0,400,3800,1.0,campo,Lab,0,0.844827586207,0.686813186813,0.619909502262,0.717183425094
0,0,400,3800,1.0,campo,ab,1,0.744932432432,0.0436994911703,0.676767676768,0.488466533457
0,0,400,3800,1.0,campo,Lab,1,0.84,0.686567164179,0.64192139738,0.72282952052
0,0,400,3800,1.0,campo,ab,2,0.746192893401,0.0436321930787,0.665178571429,0.485001219303
0,0,400,3800,1.0,campo,Lab,2,0.841603053435,0.618309859155,0.637168141593,0.699027018061
0,0,400,3800,1.5,sem,ab,0,0.0859245630175,0.00390625,0.636752136752,0.24219431659
0,0,400,3800,1.5,sem,Lab,0,0.0892413529524,0.0,0.583011583012,0.224084311988
0,0,400,3800,1.5,sem,ab,1,0.084113832853,0.00390625,0.471471471471,0.186497184775
0,0,400,3800,1.5,sem,Lab,1,0.0910864053052,0.0,0.58984375,0.226976718435
0,0,400,3800,1.5,sem,ab,2,0.0857352671195,0.00390243902439,0.611336032389,0.233657912844
0,0,400,3800,1.5,sem,Lab,2,0.0852500912742,0.0,0.634453781513,0.239901290929
0,0,400,3800,1.5,campo,ab,0,0.745874587459,0.0355286665584,0.66814159292,0.483181615646
0,0,400,3800,1.5,campo,Lab,0,0.907630522088,0.657814871017,0.618852459016,0.72809928404
0,0,400,3800,1.5,campo,ab,1,0.731391585761,0.03549145126,0.616,0.46096101234
0,0,400,3800,1.5,campo,Lab,1,0.865900383142,0.663852647736,0.618852459016,0.716201829965
0,0,400,3800,1.5,campo,ab,2,0.748344370861,0.0355503189371,0.65652173913,0.480138809643
0,0,400,3800,1.5,campo,Lab,2,0.907630522088,0.63219227968,0.610655737705,0.716826179824
0,0,600,2700,0.4,sem,ab,0,0.000441257584115,0.0,0.62037037037,0.206937209318
0,0,600,2700,0.4,sem,Lab,0,0.0,0.0,0.614678899083,0.204892966361
0,0,600,2700,0.4,sem,ab,1,0.000456048341124,0.0,0.647959183673,0.216138410672
0,0,600,2700,0.4,sem,Lab,1,0.0,0.0,0.617511520737,0.205837173579
0,0,600,2700,0.4,sem,ab,2,0.000439850450847,0.0,0.641791044776,0.214076965076
0,0,600,2700,0.4,sem,Lab,2,0.0,0.0,0.62389380531,0.20796460177
0,0,600,2700,0.4,campo,ab,0,0.755136986301,0.0342745098039,0.702702702703,0.497371399603
0,0,600,2700,0.4,campo,Lab,0,0.889112903226,0.619418851878,0.644230769231,0.717587508112
0,0,600,2700,0.4,campo,ab,1,0.756432246998,0.0342714391662,0.665048543689,0.485250743285
0,0,600,2700,0.4,campo,Lab,1,0.781914893617,0.679347826087,0.651162790698,0.704141836801
0,0,600,2700,0.4,campo,ab,2,0.755136986301,0.0342513848795,0.709677419355,0.499688596845
0,0,600,2700,0.4,campo,Lab,2,0.889112903226,0.521301775148,0.628959276018,0.679791318131
0,0,600,2700,1.0,sem,ab,0,0.000332889480692,0.0,0.615702479339,0.20534512294
0,0,600,2700,1.0,sem,Lab,0,0.00574257425743,0.0,0.488817891374,0.164853488544
0,0,600,2700,1.0,sem,ab,1,0.00379698772307,0.0,0.592885375494,0.198894121072
0,0,600,2700,1.0,sem,Lab,1,0.00607604860839,0.0,0.587301587302,0.197792545303
0,0,600,2700,1.0,sem,ab,2,0.00326506381716,0.0,0.615702479339,0.206322514385
0,0,600,2700,1.0,sem,Lab,2,0.00487995315245,0.0,0.490566037736,0.165148663629
0,0,600,2700,1.0,campo,ab,0,0.727124183007,0.0336534767576,0.669642857143,0.476806838969
0,0,600,2700,1.0,campo,Lab,0,0.902636916836,0.570469798658,0.68202764977,0.718378121754
0,0,600,2700,1.0,campo,ab,1,0.727124183007,0.033576362241,0.675555555556,0.478752033601
0,0,600,2700,1.0,campo,Lab,1,0.89898989899,0.555555555556,0.649572649573,0.701372701373
0,0,600,2700,1.0,campo,ab,2,0.731907894737,0.03361506696,0.693023255814,0.486182072504
0,0,600,2700,1.0,campo,Lab,2,0.8953722334,0.495145631068,0.651982378855,0.680833414441
0,0,600,2700,1.5,sem,ab,0,0.00149285561954,0.0,0.588461538462,0.196651464694
0,0,600,2700,1.5,sem,Lab,0,0.0024056861673,0.0,0.40203562341,0.134813769859
0,0,600,2700,1.5,sem,ab,1,0.00212551739568,0.0,0.588461538462,0.196862351952
0,0,600,2700,1.5,sem,Lab,1,0.00250190362232,0.0,0.4,0.134167301207
0,0,600,2700,1.5,sem,ab,2,0.00137232133432,0.0,0.590733590734,0.197368637356
0,0,600,2700,1.5,sem,Lab,2,0.00261189599905,0.0,0.427792915531,0.14346827051
0,0,600,2700,1.5,campo,ab,0,0.730081300813,0.0424084027812,0.655319148936,0.475936284177
0,0,600,2700,1.5,campo,Lab,0,0.899799599198,0.871443624868,0.588461538462,0.786568254176
0,0,600,2700,1.5,campo,ab,1,0.73606557377,0.0424463265708,0.656652360515,0.478388086952
0,0,600,2700,1.5,campo,Lab,1,0.903420523139,0.883817427386,0.6,0.795745983508
0,0,600,2700,1.5,campo,ab,2,0.737274220033,0.0423875006161,0.659574468085,0.479745396245
0,0,600,2700,1.5,campo,Lab,2,0.903420523139,0.873417721519,0.648535564854,0.808457936504
0,0,600,3200,0.4,sem,ab,0,0.0723475355054,0.0,0.671957671958,0.248101735821
0,0,600,3200,0.4,sem,Lab,0,0.0,0.0,0.663157894737,0.221052631579
0,0,600,3200,0.4,sem,ab,1,0.0724782899132,0.0,0.671957671958,0.248145320624
0,0,600,3200,0.4,sem,Lab,1,0.0,0.0,0.626050420168,0.208683473389
0,0,600,3200,0.4,sem,ab,2,0.0723475355054,0.0,0.671957671958,0.248101735821
0,0,600,3200,0.4,sem,Lab,2,0.0,0.0,0.651282051282,0.217094017094
0,0,600,3200,0.4,campo,ab,0,0.748310810811,0.0360708269997,0.615384615385,0.466588751065
0,0,600,3200,0.4,campo,Lab,0,0.815837937385,0.549594510293,0.654205607477,0.673212685052
0,0,600,3200,0.4,campo,ab,1,0.753401360544,0.0360881882005,0.66028708134,0.483258876695
0,0,600,3200,0.4,campo,Lab,1,0.89314516129,0.554079696395,0.654205607477,0.700476821721
0,0,600,3200,0.4,campo,ab,2,0.75468483816,0.0364166666667,0.646511627907,0.479204377578
0,0,600,3200,0.4,campo,Lab,2,0.89314516129,0.620567375887,0.630630630631,0.714781055936
0,0,600,3200,1.0,sem,ab,0,0.056319343946,0.0,0.629955947137,0.228758430361
0,0,600,3200,1.0,sem,Lab,0,0.0647262647263,0.0,0.42513368984,0.163286651522
0,0,600,3200,1.0,sem,ab,1,0.0514563106796,0.0,0.614107883817,0.221854731499
0,0,600,3200,1.0,sem,Lab,1,0.0633134490239,0.0,0.619047619048,0.227453689357
0,0,600,3200,1.0,sem,ab,2,0.050030284676,0.0,0.628820960699,0.226283748458
0,0,600,3200,1.0,sem,Lab,2,0.0645473393227,0.0,0.619658119658,0.228068486327
0,0,600,3200,1.0,campo,ab,0,0.744537815126,0.0379950441247,0.662222222222,0.481585027158
0,0,600,3200,1.0,campo,Lab,0,0.886,0.658832448825,0.633620689655,0.72615104616
0,0,600,3200,1.0,campo,ab,1,0.739565943239,0.0375331678507,0.706161137441,0.494420082843
0,0,600,3200,1.0,campo,Lab,1,0.89314516129,0.677519379845,0.65350877193,0.741391104355
0,0,600,3200,1.0,campo,ab,2,0.744537815126,0.037944973269,0.662222222222,0.481568336872
0,0,600,3200,1.0,campo,Lab,2,0.744537815126,0.625626342162,0.645021645022,0.67172860077
0,0,600,3200,1.5,sem,ab,0,0.0545026486168,0.0,0.628099173554,0.227533940724
0,0,600,3200,1.5,sem,Lab,0,0.0536966770151,0.0,0.615384615385,0.223027097467
0,0,600,3200,1.5,sem,ab,1,0.0536719917251,0.0,0.633333333333,0.229001775019
0,0,600,3200,1.5,sem,Lab,1,0.0537461157786,0.0,0.652360515021,0.235368876933
0,0,600,3200,1.5,sem,ab,2,0.0537584896972,0.0,0.650862068966,0.234873519554
0,0,600,3200,1.5,sem,Lab,2,0.00148707389613,0.0,0.628099173554,0.209862082483
0,0,600,3200,1.5,campo,ab,0,0.747940691928,0.0353174924986,0.658008658009,0.480422280812
0,0,600,3200,1.5,campo,Lab,0,0.915322580645,0.762831858407,0.612,0.763384813017
0,0,600,3200,1.5,campo,ab,1,0.744262295082,0.0352626459144,0.660869565217,0.480131502071
0,0,600,3200,1.5,campo,Lab,1,0.749174917492,0.624908958485,0.596078431373,0.656720769116
0,0,600,3200,1.5,campo,ab,2,0.745484400657,0.0352888744834,0.660869565217,0.480547613453
0,0,600,3200,1.5,campo,Lab,2,0.913480885312,0.533374922021,0.637130801688,0.694662203007
0,0,600,3800,0.4,sem,ab,0,0.688790560472,0.0,0.668341708543,0.452377423005
0,0,600,3800,0.4,sem,Lab,0,0.910638297872,0.0,0.68306010929,0.531232802387
0,0,600,3800,0.4,sem,ab,1,0.700775193798,0.0,0.652173913043,0.450983035614
0,0,600,3800,0.4,sem,Lab,1,0.888650963597,0.0,0.594470046083,0.494373669893
0,0,600,3800,0.4,sem,ab,2,0.706790123457,0.0,0.665,0.457263374486
0,0,600,3800,0.4,sem,Lab,2,0.888650963597,0.0,0.68306010929,0.523903690962
0,0,600,3800,0.4,campo,ab,0,0.762975778547,0.0371958727867,0.665,0.488390550444
0,0,600,3800,0.4,campo,Lab,0,0.891129032258,0.60985915493,0.644549763033,0.71517931674
0,0,600,3800,0.4,campo,ab,1,0.744107744108,0.0370104355909,0.704918032787,0.495345404162
0,0,600,3800,0.4,campo,Lab,1,0.891129032258,0.59606245757,0.628440366972,0.705210618933
0,0,600,3800,0.4,campo,ab,2,0.744107744108,0.0369838723296,0.704918032787,0.495336549741
0,0,600,3800,0.4,campo,Lab,2,0.891129032258,0.626074498567,0.644549763033,0.720584431286
0,0,600,3800,1.0,sem,ab,0,0.136638068001,0.0,0.577946768061,0.238194945354
0,0,600,3800,1.0,sem,Lab,0,0.149775497114,0.0,0.627705627706,0.25916037494
0,0,600,3800,1.0,sem,ab,1,0.144716454912,0.0,0.634042553191,0.259586336034
0,0,600,3800,1.0,sem,Lab,1,0.149775497114,0.0,0.630434782609,0.260070093241
0,0,600,3800,1.0,sem,ab,2,0.145031055901,0.0,0.634042553191,0.259691203031
0,0,600,3800,1.0,sem,Lab,2,0.149775497114,0.0,0.630434782609,0.260070093241
0,0,600,3800,1.0,campo,ab,0,0.75,0.0400915331808,0.647058823529,0.479050118903
0,0,600,3800,1.0,campo,Lab,0,0.889112903226,0.521043272081,0.627192982456,0.679116385921
0,0,600,3800,1.0,campo,ab,1,0.748726655348,0.040084195113,0.638009049774,0.475606633412
0,0,600,3800,1.0,campo,Lab,1,0.892712550607,0.673343605547,0.631578947368,0.732545034508
0,0,600,3800,1.0,campo,ab,2,0.751277683135,0.0401007095445,0.653153153153,0.481510515277
0,0,600,3800,1.0,campo,Lab,2,0.889112903226,0.622507122507,0.629955947137,0.713858657623
0,0,600,3800,1.5,sem,ab,0,0.0834077513842,0.000967117988395,0.65350877193,0.245961213767
0,0,600,3800,1.5,sem,Lab,0,0.0846935074356,0.0,0.639830508475,0.241508005303
0,0,600,3800,1.5,sem,ab,1,0.0837217640731,0.000967117988395,0.656387665198,0.247025515753
0,0,600,3800,1.5,sem,Lab,1,0.0922378036737,0.0,0.637130801688,0.243122868454
0,0,600,3800,1.5,sem,ab,2,0.0836318051576,0.000968054211036,0.656387665198,0.246995841522
0,0,600,3800,1.5,sem,Lab,2,0.0845248868778,0.0,0.642553191489,0.242359359456
0,0,600,3800,1.5,campo,ab,0,0.728013029316,0.0344557556774,0.624,0.462156261664
0,0,600,3800,1.5,campo,Lab,0,0.897590361446,0.520144317498,0.646551724138,0.688095467694
0,0,600,3800,1.5,campo,ab,1,0.736408566722,0.0343850814384,0.660869565217,0.477221071126
0,0,600,3800,1.5,campo,Lab,1,0.844990548204,0.482042648709,0.678733031674,0.668588742863
0,0,600,3800,1.5,campo,ab,2,0.735197368421,0.0343880034545,0.66814159292,0.479242321599
0,0,600,3800,1.5,campo,Lab,2,0.89939637827,0.566249176005,0.680365296804,0.71533695036
0,0,800,2700,0.4,sem,ab,0,0.00045377197958,0.0,0.629107981221,0.209853917733
0,0,800,2700,0.4,sem,Lab,0,0.0,0.0,0.617511520737,0.205837173579
0,0,800,2700,0.4,sem,ab,1,0.000456986176168,0.0,0.629107981221,0.209854989132
0,0,800,2700,0.4,sem,Lab,1,0.0,0.0,0.59756097561,0.19918699187
0,0,800,2700,0.4,sem,ab,2,0.000443016945398,0.0,0.629107981221,0.209850332722
0,0,800,2700,0.4,sem,Lab,2,0.0,0.0,0.617511520737,0.205837173579
0,0,800,2700,0.4,campo,ab,0,0.754621848739,0.0437643305752,0.656862745098,0.485082974804
0,0,800,2700,0.4,campo,Lab,0,0.905241935484,0.655223880597,0.651741293532,0.737402369871
0,0,800,2700,0.4,campo,ab,1,0.752093802345,0.0438420683435,0.640909090909,0.478948320533
0,0,800,2700,0.4,campo,Lab,1,0.866795366795,0.595254237288,0.63981042654,0.700620010208
0,0,800,2700,0.4,campo,ab,2,0.748333333333,0.0430802369413,0.691891891892,0.494435154056
0,0,800,2700,0.4,campo,Lab,2,0.868471953578,0.660120845921,0.634259259259,0.720950686253
0,0,800,2700,1.0,sem,ab,0,0.00277655998831,0.0,0.599190283401,0.200655614463
0,0,800,2700,1.0,sem,Lab,0,0.00426935765573,0.0,0.481366459627,0.161878605761
0,0,800,2700,1.0,sem,ab,1,0.0,0.0,0.59126984127,0.19708994709
0,0,800,2700,1.0,sem,Lab,1,0.00433241433635,0.0,0.485623003195,0.16331847251
0,0,800,2700,1.0,sem,ab,2,0.00146092037984,0.0,0.616666666667,0.206042529016
0,0,800,2700,1.0,sem,Lab,2,0.00318281281082,0.0,0.511784511785,0.171655774865
0,0,800,2700,1.0,campo,ab,0,0.73898858075,0.0350266202314,0.636752136752,0.470255779245
0,0,800,2700,1.0,campo,Lab,0,0.907815631263,0.620317002882,0.660714285714,0.729615639953
0,0,800,2700,1.0,campo,ab,1,0.73898858075,0.0348096224311,0.659292035398,0.477696746193
0,0,800,2700,1.0,campo,Lab,1,0.883040935673,0.582159624413,0.628691983122,0.697964181069
0,0,800,2700,1.0,campo,ab,2,0.73538961039,0.0348980484121,0.669642857143,0.479976838648
0,0,800,2700,1.0,campo,Lab,2,0.872832369942,0.479755962285,0.638655462185,0.663747931471
0,0,800,2700,1.5,sem,ab,0,0.00131826741996,0.0,0.59765625,0.199658172473
0,0,800,2700,1.5,sem,Lab,0,0.00203788060417,0.0,0.419786096257,0.140607992287
0,0,800,2700,1.5,sem,ab,1,0.00108225108225,0.0,0.602362204724,0.201148151936
0,0,800,2700,1.5,sem,Lab,1,0.00217243720299,0.0,0.430136986301,0.144103141168
0,0,800,2700,1.5,sem,ab,2,0.00118841832325,0.0,0.607843137255,0.203010518526
0,0,800,2700,1.5,sem,Lab,2,0.00204890042344,0.0,0.432506887052,0.144851929159
0,0,800,2700,1.5,campo,ab,0,0.754530477759,0.0458749734212,0.669565217391,0.489990222857
0,0,800,2700,1.5,campo,Lab,0,0.919678714859,0.549741602067,0.589353612167,0.686257976365
0,0,800,2700,1.5,campo,ab,1,0.744715447154,0.0458993724072,0.660944206009,0.483853008523
0,0,800,2700,1.5,campo,Lab,1,0.917835671343,0.772850678733,0.636363636364,0.775683328813
0,0,800,2700,1.5,campo,ab,2,0.744715447154,0.0458749734212,0.660944206009,0.483844875528
0,0,800,2700,1.5,campo,Lab,2,0.917835671343,0.9,0.649789029536,0.82254156696
0,0,800,3200,0.4,sem,ab,0,0.0751076658053,0.0,0.688524590164,0.254544085323
0,0,800,3200,0.4,sem,Lab,0,0.0,0.0,0.659685863874,0.219895287958
0,0,800,3200,0.4,sem,ab,1,0.0736165171772,0.0,0.688524590164,0.25404703578
0,0,800,3200,0.4,sem,Lab,1,0.0,0.0,0.659685863874,0.219895287958
0,0,800,3200,0.4,sem,ab,2,0.0752242926156,0.0,0.688524590164,0.254582960927
0,0,800,3200,0.4,sem,Lab,2,0.0,0.0,0.684782608696,0.228260869565
0,0,800,3200,0.4,campo,ab,0,0.758913412564,0.0378614340666,0.673076923077,0.489950589902
0,0,800,3200,0.4,campo,Lab,0,0.895791583166,0.552005012531,0.647342995169,0.698379863622
0,0,800,3200,0.4,campo,ab,1,0.758913412564,0.0373093103302,0.693989071038,0.496737264644
0,0,800,3200,0.4,campo,Lab,1,0.861271676301,0.60123119015,0.643518518519,0.702007128323
0,0,800,3200,0.4,campo,ab,2,0.757627118644,0.0376007545875,0.705555555556,0.500261142929
0,0,800,3200,0.4,campo,Lab,2,0.901209677419,0.63988312637,0.657004830918,0.732699211569
0,0,800,3200,1.0,sem,ab,0,0.0572725042924,0.0,0.630630630631,0.229301044974
0,0,800,3200,1.0,sem,Lab,0,0.0655806768712,0.0,0.627192982456,0.230924553109
0,0,800,3200,1.0,sem,ab,1,0.0558879846817,0.0,0.626666666667,0.227518217116
0,0,800,3200,1.0,sem,Lab,1,0.0578758210435,0.0,0.417112299465,0.158329373503
0,0,800,3200,1.0,sem,ab,2,0.0586978381096,0.0,0.627192982456,0.228630273522
0,0,800,3200,1.0,sem,Lab,2,0.0662693344686,0.0,0.624454148472,0.23024116098
0,0,800,3200,1.0,campo,ab,0,0.742043551089,0.0388125830749,0.660714285714,0.480523473293
0,0,800,3200,1.0,campo,Lab,0,0.870333988212,0.638563049853,0.663677130045,0.72419138937
0,0,800,3200,1.0,campo,ab,1,0.742043551089,0.0387476751395,0.653153153153,0.477981459794
0,0,800,3200,1.0,campo,Lab,1,0.845419847328,0.60261707989,0.592452830189,0.680163252469
0,0,800,3200,1.0,campo,ab,2,0.735880398671,0.0386733030877,0.650655021834,0.475069574531
0,0,800,3200,1.0,campo,Lab,2,0.860194174757,0.671790930054,0.660714285714,0.730899796842
0,0,800,3200,1.5,sem,ab,0,0.053061694291,0.0,0.64224137931,0.2317676912
0,0,800,3200,1.5,sem,Lab,0,0.0541951955437,0.0,0.600790513834,0.218328569793
0,0,800,3200,1.5,sem,ab,1,0.0569998779446,0.0,0.612903225806,0.223301034584
0,0,800,3200,1.5,sem,Lab,1,0.0541323751014,0.0,0.619433198381,0.224521857827
0,0,800,3200,1.5,sem,ab,2,0.0492222458981,0.0,0.629166666667,0.226129637522
0,0,800,3200,1.5,sem,Lab,2,0.0541951955437,0.0,0.619433198381,0.224542797975
0,0,800,3200,1.5,campo,ab,0,0.736,0.0372089062966,0.649789029536,0.474332645277
0,0,800,3200,1.5,campo,Lab,0,0.869565217391,0.575657894737,0.627530364372,0.6909178255
0,0,800,3200,1.5,campo,ab,1,0.6872909699,0.0373261667093,0.627530364372,0.45071583366
0,0,800,3200,1.5,campo,Lab,1,0.92,0.437244897959,0.620408163265,0.659217687075
0,0,800,3200,1.5,campo,ab,2,0.744336569579,0.0371663331772,0.675555555556,0.485686152771
0,0,800,3200,1.5,campo,Lab,2,0.918163672655,0.514201183432,0.623966942149,0.685443932745
0,0,800,3800,0.4,sem,ab,0,0.688790560472,0.0,0.624454148472,0.437748236315
0,0,800,3800,0.4,sem,Lab,0,0.899357601713,0.0,0.636815920398,0.512057840704
0,0,800,3800,0.4,sem,ab,1,0.690828402367,0.0,0.663461538462,0.451429980276
0,0,800,3800,0.4,sem,Lab,1,0.89721627409,0.0,0.688524590164,0.528580288085
0,0,800,3800,0.4,sem,ab,2,0.696562032885,0.0,0.638095238095,0.444885756993
0,0,800,3800,0.4,sem,Lab,2,0.89721627409,0.0,0.62100456621,0.506073613433
0,0,800,3800,0.4,campo,ab,0,0.75,0.0384733764235,0.637130801688,0.475201392704
0,0,800,3800,0.4,campo,Lab,0,0.857142857143,0.575936883629,0.688172043011,0.707083927928
0,0,800,3800,0.4,campo,ab,1,0.75,0.0383758031382,0.645299145299,0.477891649479
0,0,800,3800,0.4,campo,Lab,1,0.853846153846,0.657142857143,0.653846153846,0.721611721612
0,0,800,3800,0.4,campo,ab,2,0.75,0.0384193194292,0.703296703297,0.497238674242
0,0,800,3800,0.4,campo,Lab,2,0.89696969697,0.50228050171,0.653846153846,0.684365450842
0,0,800,3800,1.0,sem,ab,0,0.141945288754,0.0,0.590551181102,0.244165489952
0,0,800,3800,1.0,sem,Lab,0,0.147458162299,0.0,0.628820960699,0.258759707666
0,0,800,3800,1.0,sem,ab,1,0.136335209506,0.0,0.585271317829,0.240535509112
0,0,800,3800,1.0,sem,Lab,1,0.147458162299,0.0,0.63436123348,0.26060646526
0,0,800,3800,1.0,sem,ab,2,0.142726161369,0.0,0.592885375494,0.245203845621
0,0,800,3800,1.0,sem,Lab,2,0.149823548284,0.0,0.631578947368,0.260467498551
0,0,800,3800,1.0,campo,ab,0,0.745791245791,0.0448816477098,0.649122807018,0.479931900173
0,0,800,3800,1.0,campo,Lab,0,0.894949494949,0.595643294758,0.629464285714,0.706685691807
0,0,800,3800,1.0,campo,ab,1,0.748310810811,0.0449386266756,0.643835616438,0.479028351308
0,0,800,3800,1.0,campo,Lab,1,0.894949494949,0.663373860182,0.631111111111,0.729811488748
0,0,800,3800,1.0,campo,ab,2,0.744537815126,0.0447463860653,0.662222222222,0.483835474471
0,0,800,3800,1.0,campo,Lab,2,0.89314516129,0.530120481928,0.642533936652,0.688599859957
0,0,800,3800,1.5,sem,ab,0,0.0846935074356,0.0,0.639484978541,0.241392828659
0,0,800,3800,1.5,sem,Lab,0,0.0860036832413,0.0,0.634042553191,0.240015412144
0,0,800,3800,1.5,sem,ab,1,0.0851723509028,0.0,0.631355932203,0.238842761035
0,0,800,3800,1.5,sem,Lab,1,0.0928983489159,0.0,0.598393574297,0.230430641071
0,0,800,3800,1.5,sem,ab,2,0.0854372484449,0.0,0.65350877193,0.246315340125
0,0,800,3800,1.5,sem,Lab,2,0.0861782616719,0.0,0.634042553191,0.240073604954
0,0,800,3800,1.5,campo,ab,0,0.732576985413,0.0360197368421,0.671111111111,0.479902611122
0,0,800,3800,1.5,campo,Lab,0,0.904,0.63890935888,0.628691983122,0.723867114001
0,0,800,3800,1.5,campo,ab,1,0.732576985413,0.036049382716,0.665198237885,0.477941535338
0,0,800,3800,1.5,campo,Lab,1,0.911290322581,0.563636363636,0.636752136752,0.70389294099
0,0,800,3800,1.5,campo,ab,2,0.732576985413,0.03606638186,0.671111111111,0.479918159461
0,0,800,3800,1.5,campo,Lab,2,0.844859813084,0.621836587129,0.648305084746,0.705000494986
0,1,0,2700,0.4,sem,ab,0,0.00446700507614,0.0,0.0,0.00148900169205
0,1,0,2700,0.4,sem,Lab,0,0.0,0.0,0.0,0.0
0,1,0,2700,0.4,sem,ab,1,0.00442745019119,0.0,0.0,0.0014758167304
0,1,0,2700,0.4,sem,Lab,1,0.0,0.0,0.0,0.0
0,1,0,2700,0.4,sem,ab,2,0.00455788514129,0.0,0.0,0.0015192950471
0,1,0,2700,0.4,sem,Lab,2,0.0,0.0,0.0,0.0
0,1,0,2700,0.4,campo,ab,0,0.831985624438,0.37984496124,0.503546099291,0.571792228323
0,1,0,2700,0.4,campo,Lab,0,0.883365200765,0.527692307692,0.375,0.595352502819
0,1,0,2700,0.4,campo,ab,1,0.831985624438,0.379424778761,0.524475524476,0.578628642558
0,1,0,2700,0.4,campo,Lab,1,0.869281045752,0.691532258065,0.401069518717,0.653960940844
0,1,0,2700,0.4,campo,ab,2,0.831368993654,0.376509330406,0.503546099291,0.570474807784
0,1,0,2700,0.4,campo,Lab,2,0.873358348968,0.692929292929,0.360576923077,0.642288188325
0,1,0,2700,1.0,sem,ab,0,0.000758478708419,0.0,0.0,0.00025282623614
0,1,0,2700,1.0,sem,Lab,0,0.0,0.0,0.0,0.0
0,1,0,2700,1.0,sem,ab,1,0.0,0.0,0.0,0.0
0,1,0,2700,1.0,sem,Lab,1,0.0042279722645,0.0,0.245125348189,0.0831177734846
0,1,0,2700,1.0,sem,ab,2,0.00170703083324,0.0,0.0,0.000569010277748
0,1,0,2700,1.0,sem,Lab,2,0.0,0.0,0.0,0.0
0,1,0,2700,1.0,campo,ab,0,0.757453666398,0.327290076336,0.528662420382,0.537802054372
0,1,0,2700,1.0,campo,Lab,0,0.852861035422,0.603202846975,0.553333333333,0.66979907191
0,1,0,2700,1.0,campo,ab,1,0.732657833203,0.429824561404,0.528662420382,0.56371493833
0,1,0,2700,1.0,campo,Lab,1,0.852861035422,0.634328358209,0.553333333333,0.680174242322
0,1,0,2700,1.0,campo,ab,2,0.742113564669,0.321161048689,0.525316455696,0.529530356351
0,1,0,2700,1.0,campo,Lab,2,0.855191256831,0.604982206406,0.553333333333,0.67116893219
0,1,0,2700,1.5,sem,ab,0,0.00140383715489,0.0,0.0,0.000467945718297
0,1,0,2700,1.5,sem,Lab,0,0.0030739673391,0.0,0.0,0.0010246557797
0,1,0,2700,1.5,sem,ab,1,0.00138768430182,0.0,0.0,0.00046256143394
0,1,0,2700,1.5,sem,Lab,1,0.0029088861781,0.0,0.0,0.000969628726033
0,1,0,2700,1.5,sem,ab,2,0.00147353530591,0.0,0.0,0.000491178435302
0,1,0,2700,1.5,sem,Lab,2,0.00301148127235,0.0,0.0,0.00100382709078
0,1,0,2700,1.5,campo,ab,0,0.643617021277,0.505154639175,0.461111111111,0.536627590521
0,1,0,2700,1.5,campo,Lab,0,0.782531194296,0.757174392936,0.466666666667,0.6687907513
0,1,0,2700,1.5,campo,ab,1,0.643617021277,0.505154639175,0.466292134831,0.538354598428
0,1,0,2700,1.5,campo,Lab,1,0.868605817452,0.816666666667,0.480225988701,0.721832824273
0,1,0,2700,1.5,campo,ab,2,0.64339908953,0.5,0.466666666667,0.536688585399
0,1,0,2700,1.5,campo,Lab,2,0.775618374558,0.824519230769,0.47191011236,0.690682572562
0,1,0,3200,0.4,sem,ab,0,0.112692763938,0.0,0.297872340426,0.136855034788
0,1,0,3200,0.4,sem,Lab,0,0.0,0.0,0.311926605505,0.103975535168
0,1,0,3200,0.4,sem,ab,1,0.114141535504,0.0,0.316279069767,0.14347353509
0,1,0,3200,0.4,sem,Lab,1,0.0,0.0,0.329004329004,0.109668109668
0,1,0,3200,0.4,sem,ab,2,0.115361262902,0.0,0.30701754386,0.140792935587
0,1,0,3200,0.4,sem,Lab,2,0.0,0.0,0.311926605505,0.103975535168
0,1,0,3200,0.4,campo,ab,0,0.841530054645,0.353608247423,0.428571428571,0.54123657688
0,1,0,3200,0.4,campo,Lab,0,0.870665417057,0.518126888218,0.396825396825,0.5952059007
0,1,0,3200,0.4,campo,ab,1,0.831842576029,0.35143442623,0.526315789474,0.569864263911
0,1,0,3200,0.4,campo,Lab,1,0.869036482694,0.523664122137,0.396825396825,0.596508667219
0,1,0,3200,0.4,campo,ab,2,0.841530054645,0.471153846154,0.474683544304,0.595789148367
0,1,0,3200,0.4,campo,Lab,2,0.870665417057,0.695740365112,0.396825396825,0.654410392998
0,1,0,3200,1.0,sem,ab,0,0.0923944757829,0.0,0.266435986159,0.119610153981
0,1,0,3200,1.0,sem,Lab,0,0.0933044931668,0.0,0.271844660194,0.121716384454
0,1,0,3200,1.0,sem,ab,1,0.090380952381,0.0,0.254437869822,0.114939607401
0,1,0,3200,1.0,sem,Lab,1,0.115440818315,0.0,0.255255255255,0.123565357857
0,1,0,3200,1.0,sem,ab,2,0.0924607431971,0.0,0.25,0.114153581066
0,1,0,3200,1.0,sem,Lab,2,0.114621157105,0.0,0.255255255255,0.123292137453
0,1,0,3200,1.0,campo,ab,0,0.785234899329,0.362579281184,0.529032258065,0.558948812859
0,1,0,3200,1.0,campo,Lab,0,0.912487708948,0.768878718535,0.490683229814,0.724016552432
0,1,0,3200,1.0,campo,ab,1,0.785234899329,0.362579281184,0.522292993631,0.556702391381
0,1,0,3200,1.0,campo,Lab,1,0.842057761733,0.635160680529,0.512987012987,0.663401818416
0,1,0,3200,1.0,campo,ab,2,0.789207419899,0.359538784067,0.522292993631,0.557013065865
0,1,0,3200,1.0,campo,Lab,2,0.885416666667,0.858974358974,0.490683229814,0.745024751818
0,1,0,3200,1.5,sem,ab,0,0.0887081697514,0.0,0.265671641791,0.118126603847
0,1,0,3200,1.5,sem,Lab,0,0.0924923742989,0.0,0.25,0.114164124766
0,1,0,3200,1.5,sem,ab,1,0.0895959214502,0.0,0.261764705882,0.117120209111
0,1,0,3200,1.5,sem,Lab,1,0.0902161327673,0.0,0.24649859944,0.112238244069
0,1,0,3200,1.5,sem,ab,2,0.0892703862661,0.0,0.269230769231,0.119500385166
0,1,0,3200,1.5,sem,Lab,2,0.00204778156997,0.0,0.248587570621,0.0835451173971
0,1,0,3200,1.5,campo,ab,0,0.663133989402,0.539308176101,0.502994011976,0.568478725826
0,1,0,3200,1.5,campo,Lab,0,0.823949955317,0.853233830846,0.525974025974,0.734385937379
0,1,0,3200,1.5,campo,ab,1,0.639846743295,0.422934648582,0.506024096386,0.522935162754
0,1,0,3200,1.5,campo,Lab,1,0.821428571429,0.853233830846,0.525974025974,0.733545476083
0,1,0,3200,1.5,campo,ab,2,0.659574468085,0.531782945736,0.506024096386,0.565793836736
0,1,0,3200,1.5,campo,Lab,2,0.811607142857,0.522865853659,0.525974025974,0.620149007497
0,1,0,3800,0.4,sem,ab,0,0.568521843208,0.0,0.552845528455,0.373789123888
0,1,0,3800,0.4,sem,Lab,0,0.81378600823,0.0,0.268656716418,0.360814241549
0,1,0,3800,0.4,sem,ab,1,0.573193329216,0.0,0.451612903226,0.34160207748
0,1,0,3800,0.4,sem,Lab,1,0.891108891109,0.0,0.43125,0.440786297036
0,1,0,3800,0.4,sem,ab,2,0.686416184971,0.0,0.451612903226,0.379343029399
0,1,0,3800,0.4,sem,Lab,2,0.83800623053,0.0,0.336633663366,0.391546631299
0,1,0,3800,0.4,campo,ab,0,0.838768115942,0.363732767762,0.507142857143,0.569881246949
0,1,0,3800,0.4,campo,Lab,0,0.865921787709,0.69014084507,0.401069518717,0.652377383832
0,1,0,3800,0.4,campo,ab,1,0.838009049774,0.484463276836,0.441176470588,0.587882932399
0,1,0,3800,0.4,campo,Lab,1,0.865921787709,0.518910741301,0.407608695652,0.597480408221
0,1,0,3800,0.4,campo,ab,2,0.838009049774,0.366844919786,0.507142857143,0.570665608901
0,1,0,3800,0.4,campo,Lab,2,0.850228310502,0.691532258065,0.353773584906,0.631844717824
0,1,0,3800,1.0,sem,ab,0,0.164331430548,0.0,0.270758122744,0.145029851097
0,1,0,3800,1.0,sem,Lab,0,0.180986854639,0.0,0.258064516129,0.146350456923
0,1,0,3800,1.0,sem,ab,1,0.165102537365,0.0,0.431818181818,0.198973573061
0,1,0,3800,1.0,sem,Lab,1,0.183417085427,0.0,0.269230769231,0.150882618219
0,1,0,3800,1.0,sem,ab,2,0.163652024117,0.0,0.274725274725,0.146125766281
0,1,0,3800,1.0,sem,Lab,2,0.172388737511,0.0,0.274725274725,0.149038004079
0,1,0,3800,1.0,campo,ab,0,0.833034111311,0.375684556407,0.455621301775,0.554779989831
0,1,0,3800,1.0,campo,Lab,0,0.851102941176,0.522070015221,0.455089820359,0.609420925585
0,1,0,3800,1.0,campo,ab,1,0.834532374101,0.489300998573,0.455621301775,0.59315155815
0,1,0,3800,1.0,campo,Lab,1,0.900487804878,0.7,0.426966292135,0.675818032338
0,1,0,3800,1.0,campo,ab,2,0.840909090909,0.378587196468,0.455621301775,0.558372529717
0,1,0,3800,1.0,campo,Lab,2,0.873941674506,0.522070015221,0.426966292135,0.607659327287
0,1,0,3800,1.5,sem,ab,0,0.117465032801,0.0,0.415094339623,0.177519790808
0,1,0,3800,1.5,sem,Lab,0,0.122164948454,0.0,0.25748502994,0.126549992798
0,1,0,3800,1.5,sem,ab,1,0.116270521931,0.0,0.422330097087,0.179533539673
0,1,0,3800,1.5,sem,Lab,1,0.118332081142,0.0,0.255952380952,0.124761487365
0,1,0,3800,1.5,sem,ab,2,0.119989884941,0.0,0.43137254902,0.183787477987
0,1,0,3800,1.5,sem,Lab,2,0.122215067611,0.0,0.265432098765,0.129215722126
0,1,0,3800,1.5,campo,ab,0,0.726356589147,0.31295620438,0.528662420382,0.522658404636
0,1,0,3800,1.5,campo,Lab,0,0.846920289855,0.501461988304,0.546666666667,0.631682981609
0,1,0,3800,1.5,campo,ab,1,0.699180938198,0.412755716005,0.528662420382,0.546866358195
0,1,0,3800,1.5,campo,Lab,1,0.850909090909,0.599647266314,0.553333333333,0.667963230185
0,1,0,3800,1.5,campo,ab,2,0.676025917927,0.31295620438,0.528662420382,0.505881514229
0,1,0,3800,1.5,campo,Lab,2,0.849501359927,0.599647266314,0.538961038961,0.662703221734
0,1,200,2700,0.4,sem,ab,0,0.00484465508162,0.0,0.0,0.00161488502721
0,1,200,2700,0.4,sem,Lab,0,0.0,0.0,0.0,0.0
0,1,200,2700,0.4,sem,ab,1,0.00410321874715,0.0,0.0,0.00136773958238
0,1,200,2700,0.4,sem,Lab,1,0.0,0.0,0.0,0.0
0,1,200,2700,0.4,sem,ab,2,0.00440693858415,0.0,0.0,0.00146897952805
0,1,200,2700,0.4,sem,Lab,2,0.0,0.0,0.0,0.0
0,1,200,2700,0.4,campo,ab,0,0.83109919571,0.451910408432,0.517730496454,0.600246700199
0,1,200,2700,0.4,campo,Lab,0,0.870665417057,0.681908548708,0.345794392523,0.632789452763
0,1,200,2700,0.4,campo,ab,1,0.838155515371,0.333982473223,0.529411764706,0.5671832511
0,1,200,2700,0.4,campo,Lab,1,0.869850187266,0.607079646018,0.393442622951,0.623457485411
0,1,200,2700,0.4,campo,ab,2,0.824977210574,0.333333333333,0.529411764706,0.562574102871
0,1,200,2700,0.4,campo,Lab,2,0.855565777369,0.669921875,0.346153846154,0.623880499508
0,1,200,2700,1.0,sem,ab,0,0.0,0.0,0.0,0.0
0,1,200,2700,1.0,sem,Lab,0,0.0,0.0,0.0,0.0
0,1,200,2700,1.0,sem,ab,1,0.000622988267054,0.0,0.0,0.000207662755685
0,1,200,2700,1.0,sem,Lab,1,0.00325788751715,0.0,0.242506811989,0.0819215665021
0,1,200,2700,1.0,sem,ab,2,0.00159184972939,0.0,0.0,0.000530616576462
0,1,200,2700,1.0,sem,Lab,2,0.0,0.0,0.0,0.0
0,1,200,2700,1.0,campo,ab,0,0.756626506024,0.515015015015,0.480662983425,0.584101501488
0,1,200,2700,1.0,campo,Lab,0,0.855454545455,0.472451790634,0.546666666667,0.624857667585
0,1,200,2700,1.0,campo,ab,1,0.713096139288,0.361814345992,0.49710982659,0.524006770623
0,1,200,2700,1.0,campo,Lab,1,0.759244042728,0.7,0.537974683544,0.665739575424
0,1,200,2700,1.0,campo,ab,2,0.707738542449,0.367631296892,0.545454545455,0.540274794932
0,1,200,2700,1.0,campo,Lab,2,0.862511457379,0.865139949109,0.541935483871,0.756528963453
0,1,200,2700,1.5,sem,ab,0,0.00137395459976,0.0,0.0,0.000457984866587
0,1,200,2700,1.5,sem,Lab,0,0.00271459327904,0.0,0.241847826087,0.0815208064553
0,1,200,2700,1.5,sem,ab,1,0.00136377112363,0.0,0.0,0.000454590374543
0,1,200,2700,1.5,sem,Lab,1,0.00274569210377,0.0,0.240540540541,0.0810954108814
0,1,200,2700,1.5,sem,ab,2,0.00162999185004,0.0,0.241192411924,0.0809408012581
0,1,200,2700,1.5,sem,Lab,2,0.00308555399719,0.0,0.239892183288,0.0809925790952
0,1,200,2700,1.5,campo,ab,0,0.633181126332,0.473684210526,0.393665158371,0.500176831743
0,1,200,2700,1.5,campo,Lab,0,0.769503546099,0.827669902913,0.448453608247,0.681875685753
0,1,200,2700,1.5,campo,ab,1,0.628077178975,0.414043583535,0.393665158371,0.478595306961
0,1,200,2700,1.5,campo,Lab,1,0.696110210697,0.869897959184,0.444444444444,0.670150871442
0,1,200,2700,1.5,campo,ab,2,0.651253918495,0.484419263456,0.382488479263,0.506053887071
0,1,200,2700,1.5,campo,Lab,2,0.845141700405,0.82808716707,0.444444444444,0.705891103973
0,1,200,3200,0.4,sem,ab,0,0.112866817156,0.0,0.0,0.0376222723853
0,1,200,3200,0.4,sem,Lab,0,0.0,0.0,0.282786885246,0.094262295082
0,1,200,3200,0.4,sem,ab,1,0.11257257969,0.0,0.294871794872,0.13581479152
0,1,200,3200,0.4,sem,Lab,1,0.0,0.0,0.305309734513,0.101769911504
0,1,200,3200,0.4,sem,ab,2,0.116293303954,0.0,0.309012875536,0.141768726497
0,1,200,3200,0.4,sem,Lab,2,0.0,0.0,0.290836653386,0.0969455511288
0,1,200,3200,0.4,campo,ab,0,0.843920145191,0.404004711425,0.514285714286,0.587403523634
0,1,200,3200,0.4,campo,Lab,0,0.872300469484,0.673870333988,0.351219512195,0.632463438556
0,1,200,3200,0.4,campo,ab,1,0.843155031732,0.29696969697,0.521739130435,0.553954619712
0,1,200,3200,0.4,campo,Lab,1,0.87160262418,0.659615384615,0.338028169014,0.62308205927
0,1,200,3200,0.4,campo,ab,2,0.843920145191,0.395617070358,0.426136363636,0.555224526395
0,1,200,3200,0.4,campo,Lab,2,0.891136801541,0.686,0.354679802956,0.643938868166
0,1,200,3200,1.0,sem,ab,0,0.0922882427307,0.0,0.0,0.0307627475769
0,1,200,3200,1.0,sem,Lab,0,0.113584679832,0.0,0.245901639344,0.119828773059
0,1,200,3200,1.0,sem,ab,1,0.0910399079048,0.0,0.259818731118,0.116952879674
0,1,200,3200,1.0,sem,Lab,1,0.114724371373,0.0,0.257668711656,0.124131027677
0,1,200,3200,1.0,sem,ab,2,0.0927845131013,0.0,0.0,0.0309281710338
0,1,200,3200,1.0,sem,Lab,2,0.114199759326,0.0,0.255319148936,0.123172969421
0,1,200,3200,1.0,campo,ab,0,0.790677966102,0.319069767442,0.581560283688,0.563769339077
0,1,200,3200,1.0,campo,Lab,0,0.844827586207,0.854219948849,0.487951807229,0.728999780762
0,1,200,3200,1.0,campo,ab,1,0.790677966102,0.317886932345,0.5,0.536188299482
0,1,200,3200,1.0,campo,Lab,1,0.911591355599,0.524464831804,0.465517241379,0.633857809594
0,1,200,3200,1.0,campo,ab,2,0.790677966102,0.318773234201,0.502994011976,0.537481737426
0,1,200,3200,1.0,campo,Lab,2,0.881019830028,0.600700525394,0.471264367816,0.650994907746
0,1,200,3200,1.5,sem,ab,0,0.0884601043997,0.0,0.256484149856,0.114981418085
0,1,200,3200,1.5,sem,Lab,0,0.0976448520217,0.0,0.246537396122,0.114727416048
0,1,200,3200,1.5,sem,ab,1,0.0895536472587,0.0,0.255014326648,0.114855991302
0,1,200,3200,1.5,sem,Lab,1,0.00155068811785,0.0,0.248603351955,0.0833846800244
0,1,200,3200,1.5,sem,ab,2,0.0902938901779,0.0,0.240540540541,0.110278143573
0,1,200,3200,1.5,sem,Lab,2,0.0015512895094,0.0,0.253561253561,0.0850375143569
0,1,200,3200,1.5,campo,ab,0,0.630602782071,0.510416666667,0.474860335196,0.538626594644
0,1,200,3200,1.5,campo,Lab,0,0.728536385936,0.85,0.488764044944,0.689100143627
0,1,200,3200,1.5,campo,ab,1,0.703125,0.520485584219,0.594405594406,0.606005392875
0,1,200,3200,1.5,campo,Lab,1,0.832437275986,0.846534653465,0.528301886792,0.735757938748
0,1,200,3200,1.5,campo,ab,2,0.634689178818,0.287993282955,0.402843601896,0.441842021223
0,1,200,3200,1.5,campo,Lab,2,0.830948121646,0.846534653465,0.535031847134,0.737504874082
0,1,200,3800,0.4,sem,ab,0,0.60936497755,0.0,0.409356725146,0.339573900899
0,1,200,3800,0.4,sem,Lab,0,0.82468879668,0.0,0.317757009346,0.380815268675
0,1,200,3800,0.4,sem,ab,1,0.713749060856,0.0028328611898,0.425925925926,0.380835949324
0,1,200,3800,0.4,sem,Lab,1,0.841501564129,0.0,0.328502415459,0.390001326529
0,1,200,3800,0.4,sem,ab,2,0.711077844311,0.0028328611898,0.425925925926,0.379945543809
0,1,200,3800,0.4,sem,Lab,2,0.825051759834,0.0,0.317757009346,0.380936256393
0,1,200,3800,0.4,campo,ab,0,0.83798379838,0.420343137255,0.510638297872,0.589655077836
0,1,200,3800,0.4,campo,Lab,0,0.87323943662,0.671232876712,0.376963350785,0.640478554706
0,1,200,3800,0.4,campo,ab,1,0.83798379838,0.309846431798,0.514084507042,0.553971579073
0,1,200,3800,0.4,campo,Lab,1,0.901559454191,0.677865612648,0.352941176471,0.644122081103
0,1,200,3800,0.4,campo,ab,2,0.83798379838,0.309846431798,0.525547445255,0.557792558478
0,1,200,3800,0.4,campo,Lab,2,0.885167464115,0.687374749499,0.375,0.649180737871
0,1,200,3800,1.0,sem,ab,0,0.163258291803,0.0,0.422222222222,0.195160171342
0,1,200,3800,1.0,sem,Lab,0,0.17775272454,0.0,0.276223776224,0.151325500254
0,1,200,3800,1.0,sem,ab,1,0.163314423242,0.0,0.417582417582,0.193632280275
0,1,200,3800,1.0,sem,Lab,1,0.17948233516,0.0,0.265100671141,0.148194335434
0,1,200,3800,1.0,sem,ab,2,0.163342503439,0.0,0.415300546448,0.192881016629
0,1,200,3800,1.0,sem,Lab,2,0.16922253923,0.0,0.276223776224,0.148482105151
0,1,200,3800,1.0,campo,ab,0,0.845173041894,0.338264299803,0.426229508197,0.536555616631
0,1,200,3800,1.0,campo,Lab,0,0.901559454191,0.684630738523,0.430167597765,0.672119263493
0,1,200,3800,1.0,campo,ab,1,0.842727272727,0.3385982231,0.445054945055,0.542126813627
0,1,200,3800,1.0,campo,Lab,1,0.901559454191,0.684630738523,0.420765027322,0.668985073345
0,1,200,3800,1.0,campo,ab,2,0.846223839854,0.338264299803,0.426229508197,0.536905882618
0,1,200,3800,1.0,campo,Lab,2,0.87641509434,0.679207920792,0.430167597765,0.661930204299
0,1,200,3800,1.5,sem,ab,0,0.11739238001,0.0,0.485549132948,0.200980504319
0,1,200,3800,1.5,sem,Lab,0,0.11828901154,0.0,0.255952380952,0.124747130831
0,1,200,3800,1.5,sem,ab,1,0.117523219814,0.0,0.28125,0.132924406605
0,1,200,3800,1.5,sem,Lab,1,0.121235521236,0.0,0.258160237389,0.126465252875
0,1,200,3800,1.5,sem,ab,2,0.117348831458,0.0,0.485549132948,0.200965988135
0,1,200,3800,1.5,sem,Lab,2,0.122765818656,0.0,0.253687315634,0.125484378097
0,1,200,3800,1.5,campo,ab,0,0.690058479532,0.404004711425,0.491525423729,0.528529538229
0,1,200,3800,1.5,campo,Lab,0,0.854166666667,0.865139949109,0.524096385542,0.747801000439
0,1,200,3800,1.5,campo,ab,1,0.687545520757,0.403529411765,0.491525423729,0.527533452084
0,1,200,3800,1.5,campo,Lab,1,0.852622061483,0.611510791367,0.552631578947,0.672254810599
0,1,200,3800,1.5,campo,ab,2,0.707646176912,0.388888888889,0.491620111732,0.529385059177
0,1,200,3800,1.5,campo,Lab,2,0.851851851852,0.675196850394,0.556291390728,0.694446697658
0,1,400,2700,0.4,sem,ab,0,0.00430067314884,0.0,0.0,0.00143355771628
0,1,400,2700,0.4,sem,Lab,0,0.0,0.0,0.0,0.0
0,1,400,2700,0.4,sem,ab,1,0.00429067007486,0.0,0.0,0.00143022335829
0,1,400,2700,0.4,sem,Lab,1,0.0,0.0,0.0,0.0
0,1,400,2700,0.4,sem,ab,2,0.00407558354946,0.0,0.0,0.00135852784982
0,1,400,2700,0.4,sem,Lab,2,0.0,0.0,0.0,0.0
0,1,400,2700,0.4,campo,ab,0,0.840435176791,0.364893617021,0.521428571429,0.575585788413
0,1,400,2700,0.4,campo,Lab,0,0.875939849624,0.692929292929,0.349282296651,0.639383813068
0,1,400,2700,0.4,campo,ab,1,0.839528558477,0.364893617021,0.521428571429,0.575283582309
0,1,400,2700,0.4,campo,Lab,1,0.876763875823,0.662162162162,0.398907103825,0.645944380603
0,1,400,2700,0.4,campo,ab,2,0.839528558477,0.364893617021,0.521428571429,0.575283582309
0,1,400,2700,0.4,campo,Lab,2,0.876763875823,0.668615984405,0.394594594595,0.646658151608
0,1,400,2700,1.0,sem,ab,0,0.00213857998289,0.0,0.0,0.000712859994297
0,1,400,2700,1.0,sem,Lab,0,0.000259437021663,0.0,0.0,8.6479007221e-05
0,1,400,2700,1.0,sem,ab,1,0.00143988480922,0.0,0.0,0.000479961603072
0,1,400,2700,1.0,sem,Lab,1,0.000252525252525,0.0,0.0,8.41750841751e-05
0,1,400,2700,1.0,sem,ab,2,0.00155168297923,0.0,0.0,0.000517227659744
0,1,400,2700,1.0,sem,Lab,2,0.000254809529876,0.0,0.0,8.49365099588e-05
0,1,400,2700,1.0,campo,ab,0,0.745641838352,0.307347670251,0.546052631579,0.533014046727
0,1,400,2700,1.0,campo,Lab,0,0.858447488584,0.857506361323,0.549668874172,0.755207574693
0,1,400,2700,1.0,campo,ab,1,0.704783258595,0.422413793103,0.546052631579,0.557749894426
0,1,400,2700,1.0,campo,Lab,1,0.852221214869,0.477715877437,0.549668874172,0.626535322159
0,1,400,2700,1.0,campo,ab,2,0.682344428365,0.430904522613,0.546052631579,0.553100527519
0,1,400,2700,1.0,campo,Lab,2,0.850543478261,0.47972027972,0.549668874172,0.626644210718
0,1,400,2700,1.5,sem,ab,0,0.00156664256447,0.0,0.0,0.000522214188158
0,1,400,2700,1.5,sem,Lab,0,0.00302286038164,0.0,0.0,0.00100762012721
0,1,400,2700,1.5,sem,ab,1,0.00170023541721,0.0,0.0,0.000566745139071
0,1,400,2700,1.5,sem,Lab,1,0.00319638995958,0.0,0.0,0.00106546331986
0,1,400,2700,1.5,sem,ab,2,0.0015482752214,0.0,0.0,0.000516091740468
0,1,400,2700,1.5,sem,Lab,2,0.00319729170585,0.0,0.237333333333,0.0801768750131
0,1,400,2700,1.5,campo,ab,0,0.675955414013,0.52213740458,0.405797101449,0.534629973347
0,1,400,2700,1.5,campo,Lab,0,0.765432098765,0.821686746988,0.485549132948,0.690889326234
0,1,400,2700,1.5,campo,ab,1,0.645770392749,0.531881804044,0.45652173913,0.544724645308
0,1,400,2700,1.5,campo,Lab,1,0.767462422635,0.825665859564,0.0,0.531042760733
0,1,400,2700,1.5,campo,ab,2,0.635276532138,0.52534562212,0.407766990291,0.522796381516
0,1,400,2700,1.5,campo,Lab,2,0.766107678729,0.821686746988,0.480225988701,0.689340138139
0,1,400,3200,0.4,sem,ab,0,0.112853409361,0.0,0.298319327731,0.137057579031
0,1,400,3200,0.4,sem,Lab,0,0.0,0.0,0.296137339056,0.0987124463519
0,1,400,3200,0.4,sem,ab,1,0.112492599171,0.0,0.0,0.037497533057
0,1,400,3200,0.4,sem,Lab,1,0.0,0.0,0.288537549407,0.0961791831357
0,1,400,3200,0.4,sem,ab,2,0.113311068702,0.0,0.293388429752,0.135566499485
0,1,400,3200,0.4,sem,Lab,2,0.0,0.0,0.283400809717,0.0944669365722
0,1,400,3200,0.4,campo,ab,0,0.850458715596,0.345070422535,0.538461538462,0.577996892198
0,1,400,3200,0.4,campo,Lab,0,0.872180451128,0.669921875,0.396739130435,0.646280485521
0,1,400,3200,0.4,campo,ab,1,0.846648301194,0.345070422535,0.525179856115,0.572299526615
0,1,400,3200,0.4,campo,Lab,1,0.877126654064,0.61690647482,0.390374331551,0.628135820145
0,1,400,3200,0.4,campo,ab,2,0.850458715596,0.345070422535,0.405555555556,0.533694897896
0,1,400,3200,0.4,campo,Lab,2,0.873000940734,0.669921875,0.39247311828,0.645131978004
0,1,400,3200,1.0,sem,ab,0,0.0929004498338,0.0,0.273684210526,0.122194886787
0,1,400,3200,1.0,sem,Lab,0,0.10253082414,0.0,0.270440251572,0.124323691904
0,1,400,3200,1.0,sem,ab,1,0.0928026598866,0.0,0.265517241379,0.119439967089
0,1,400,3200,1.0,sem,Lab,1,0.102100161551,0.0,0.266457680251,0.122852613934
0,1,400,3200,1.0,sem,ab,2,0.0913642052566,0.0,0.265306122449,0.118890109235
0,1,400,3200,1.0,sem,Lab,2,0.113383566559,0.0,0.259146341463,0.124176636007
0,1,400,3200,1.0,campo,ab,0,0.808658008658,0.352517985612,0.525641025641,0.56227233997
0,1,400,3200,1.0,campo,Lab,0,0.852698993596,0.611408199643,0.551020408163,0.671709200467
0,1,400,3200,1.0,campo,ab,1,0.807260155575,0.352517985612,0.525641025641,0.561806388942
0,1,400,3200,1.0,campo,Lab,1,0.88783269962,0.664728682171,0.525974025974,0.692845135921
0,1,400,3200,1.0,campo,ab,2,0.807260155575,0.352517985612,0.546666666667,0.568814935951
0,1,400,3200,1.0,campo,Lab,2,0.88614800759,0.658349328215,0.547297297297,0.697264877701
0,1,400,3200,1.5,sem,ab,0,0.0894945303659,0.0,0.259475218659,0.116323249675
0,1,400,3200,1.5,sem,Lab,0,0.00230149597238,0.0,0.254285714286,0.085529070086
0,1,400,3200,1.5,sem,ab,1,0.0859930694875,0.0,0.250704225352,0.112232431613
0,1,400,3200,1.5,sem,Lab,1,0.0965496058155,0.0,0.258823529412,0.118457711742
0,1,400,3200,1.5,sem,ab,2,0.0889346564314,0.0,0.272171253823,0.120368636751
0,1,400,3200,1.5,sem,Lab,2,0.0970560699053,0.0,0.246537396122,0.114531155342
0,1,400,3200,1.5,campo,ab,0,0.701414743112,0.551446945338,0.506097560976,0.586319749809
0,1,400,3200,1.5,campo,Lab,0,0.819569120287,0.608928571429,0.532467532468,0.653655074728
0,1,400,3200,1.5,campo,ab,1,0.73359375,0.540157480315,0.5,0.591250410105
0,1,400,3200,1.5,campo,Lab,1,0.819569120287,0.608928571429,0.522292993631,0.650263561782
0,1,400,3200,1.5,campo,ab,2,0.633663366337,0.537617554859,0.506097560976,0.559126160724
0,1,400,3200,1.5,campo,Lab,2,0.817937219731,0.632162661738,0.525641025641,0.65858030237
0,1,400,3800,0.4,sem,ab,0,0.678087080657,0.0,0.4375,0.371862360219
0,1,400,3800,0.4,sem,Lab,0,0.839916839917,0.0,0.352040816327,0.397319218748
0,1,400,3800,0.4,sem,ab,1,0.70110701107,0.0,0.422619047619,0.374575352896
0,1,400,3800,0.4,sem,Lab,1,0.826804123711,0.0,0.380434782609,0.402412968773
0,1,400,3800,0.4,sem,ab,2,0.678087080657,0.0,0.445859872611,0.374648984423
0,1,400,3800,0.4,sem,Lab,2,0.827835051546,0.0,0.380434782609,0.402756611385
0,1,400,3800,0.4,campo,ab,0,0.84537968893,0.356548856549,0.525179856115,0.575702800531
0,1,400,3800,0.4,campo,Lab,0,0.873941674506,0.655831739962,0.396739130435,0.642170848301
0,1,400,3800,0.4,campo,ab,1,0.841911764706,0.49,0.420454545455,0.584122103387
0,1,400,3800,0.4,campo,Lab,1,0.874764595104,0.669921875,0.380208333333,0.641631601146
0,1,400,3800,0.4,campo,ab,2,0.841911764706,0.356548856549,0.521428571429,0.573296397561
0,1,400,3800,0.4,campo,Lab,2,0.874764595104,0.684630738523,0.341121495327,0.633505609651
0,1,400,3800,1.0,sem,ab,0,0.164303009339,0.0,0.445714285714,0.203339098351
0,1,400,3800,1.0,sem,Lab,0,0.168801138385,0.0,0.265454545455,0.144751894613
0,1,400,3800,1.0,sem,ab,1,0.167755606569,0.0,0.445714285714,0.204489964094
0,1,400,3800,1.0,sem,Lab,1,0.182729375482,0.0,0.443243243243,0.208657539575
0,1,400,3800,1.0,sem,ab,2,0.163877867863,0.0,0.443181818182,0.202353228682
0,1,400,3800,1.0,sem,Lab,2,0.170377019749,0.0,0.258720930233,0.143032649994
0,1,400,3800,1.0,campo,ab,0,0.848901098901,0.370410367171,0.470930232558,0.563413899543
0,1,400,3800,1.0,campo,Lab,0,0.857933579336,0.679207920792,0.461538461538,0.666226653889
0,1,400,3800,1.0,campo,ab,1,0.851005484461,0.370010787487,0.461988304094,0.561001525347
0,1,400,3800,1.0,campo,Lab,1,0.900584795322,0.636363636364,0.445714285714,0.660887572467
0,1,400,3800,1.0,campo,ab,2,0.847627737226,0.370410367171,0.470930232558,0.562989445652
0,1,400,3800,1.0,campo,Lab,2,0.881740775781,0.672549019608,0.445714285714,0.666668027034
0,1,400,3800,1.5,sem,ab,0,0.116341792326,0.0,0.433497536946,0.183279776424
0,1,400,3800,1.5,sem,Lab,0,0.124769190187,0.0,0.269938650307,0.131569280165
0,1,400,3800,1.5,sem,ab,1,0.116492949111,0.0,0.292857142857,0.136450030656
0,1,400,3800,1.5,sem,Lab,1,0.120720490547,0.0,0.26875,0.129823496849
0,1,400,3800,1.5,sem,ab,2,0.117639766952,0.0,0.429268292683,0.182302686545
0,1,400,3800,1.5,sem,Lab,2,0.120398773006,0.0,0.270186335404,0.130195036137
0,1,400,3800,1.5,campo,ab,0,0.745238095238,0.309566787004,0.539473684211,0.531426188817
0,1,400,3800,1.5,campo,Lab,0,0.837958818263,0.857506361323,0.543046357616,0.746170512401
0,1,400,3800,1.5,campo,ab,1,0.750997605746,0.432534678436,0.521472392638,0.568334892274
0,1,400,3800,1.5,campo,Lab,1,0.848731884058,0.857506361323,0.549668874172,0.751969039851
0,1,400,3800,1.5,campo,ab,2,0.677591463415,0.310126582278,0.546052631579,0.511256892424
0,1,400,3800,1.5,campo,Lab,2,0.838854073411,0.594405594406,0.543046357616,0.658768675144
0,1,600,2700,0.4,sem,ab,0,0.00434180138568,0.0,0.311403508772,0.105248436719
0,1,600,2700,0.4,sem,Lab,0,0.0,0.0,0.0,0.0
0,1,600,2700,0.4,sem,ab,1,0.00497209538305,0.0,0.0,0.00165736512768
0,1,600,2700,0.4,sem,Lab,1,0.0,0.0,0.180288461538,0.0600961538462
0,1,600,2700,0.4,sem,ab,2,0.00454040029652,0.0,0.0,0.00151346676551
0,1,600,2700,0.4,sem,Lab,2,0.0,0.0,0.0,0.0
0,1,600,2700,0.4,campo,ab,0,0.835466179159,0.310688405797,0.517482517483,0.554545700813
0,1,600,2700,0.4,campo,Lab,0,0.872420262664,0.679207920792,0.381443298969,0.644357160808
0,1,600,2700,0.4,campo,ab,1,0.827838827839,0.310688405797,0.525179856115,0.554569029917
0,1,600,2700,0.4,campo,Lab,1,0.872420262664,0.679207920792,0.381443298969,0.644357160808
0,1,600,2700,0.4,campo,ab,2,0.835466179159,0.310688405797,0.525179856115,0.557111480357
0,1,600,2700,0.4,campo,Lab,2,0.872420262664,0.679207920792,0.381443298969,0.644357160808
0,1,600,2700,1.0,sem,ab,0,0.00146214099217,0.0,0.0,0.000487380330722
0,1,600,2700,1.0,sem,Lab,0,0.000125817815803,0.0,0.0,4.19392719342e-05
0,1,600,2700,1.0,sem,ab,1,0.00146827477714,0.0,0.0,0.000489424925712
0,1,600,2700,1.0,sem,Lab,1,0.0037216828479,0.0,0.0,0.0012405609493
0,1,600,2700,1.0,sem,ab,2,0.00158903565399,0.0,0.0,0.000529678551329
0,1,600,2700,1.0,sem,Lab,2,0.00362976406534,0.0,0.249291784703,0.0843071829226
0,1,600,2700,1.0,campo,ab,0,0.74094488189,0.301141352063,0.528662420382,0.523582884778
0,1,600,2700,1.0,campo,Lab,0,0.852861035422,0.547657512116,0.554794520548,0.651771022696
0,1,600,2700,1.0,campo,ab,1,0.699326851159,0.301671064204,0.547297297297,0.51609840422
0,1,600,2700,1.0,campo,Lab,1,0.848868778281,0.466032608696,0.554794520548,0.623231969175
0,1,600,2700,1.0,campo,ab,2,0.742699289661,0.301141352063,0.574468085106,0.539436242277
0,1,600,2700,1.0,campo,Lab,2,0.853636363636,0.467302452316,0.554794520548,0.6252444455
0,1,600,2700,1.5,sem,ab,0,0.00150838662966,0.0,0.0,0.00050279554322
0,1,600,2700,1.5,sem,Lab,0,0.00315022642252,0.0,0.0,0.00105007547417
0,1,600,2700,1.5,sem,ab,1,0.00153110047847,0.0,0.0,0.000510366826156
0,1,600,2700,1.5,sem,Lab,1,0.00290561439685,0.0,0.243835616438,0.0822470769451
0,1,600,2700,1.5,sem,ab,2,0.00145076467388,0.0,0.0,0.000483588224627
0,1,600,2700,1.5,sem,Lab,2,0.00311467673431,0.0,0.0,0.0010382255781
0,1,600,2700,1.5,campo,ab,0,0.639700374532,0.513513513514,0.463687150838,0.538967012961
0,1,600,2700,1.5,campo,Lab,0,0.770723104056,0.82808716707,0.488235294118,0.695681855081
0,1,600,2700,1.5,campo,ab,1,0.639700374532,0.505917159763,0.463687150838,0.536434895044
0,1,600,2700,1.5,campo,Lab,1,0.867943548387,0.830097087379,0.485380116959,0.727806917575
0,1,600,2700,1.5,campo,ab,2,0.635682158921,0.370530877573,0.461111111111,0.489108049202
0,1,600,2700,1.5,campo,Lab,2,0.766578249337,0.818181818182,0.488235294118,0.690998453879
0,1,600,3200,0.4,sem,ab,0,0.114471623087,0.0,0.308695652174,0.14105575842
0,1,600,3200,0.4,sem,Lab,0,0.0,0.0,0.292,0.0973333333333
0,1,600,3200,0.4,sem,ab,1,0.112799810021,0.0,0.301310043668,0.138036617896
0,1,600,3200,0.4,sem,Lab,1,0.0,0.0,0.329004329004,0.109668109668
0,1,600,3200,0.4,sem,ab,2,0.114347616755,0.0,0.322727272727,0.145691629827
0,1,600,3200,0.4,sem,Lab,2,0.0,0.0,0.308035714286,0.102678571429
0,1,600,3200,0.4,campo,ab,0,0.827280779451,0.330443159923,0.514084507042,0.557269482139
0,1,600,3200,0.4,campo,Lab,0,0.875234521576,0.697154471545,0.345794392523,0.639394461881
0,1,600,3200,0.4,campo,ab,1,0.829067641682,0.331081081081,0.517730496454,0.559293073072
0,1,600,3200,0.4,campo,Lab,1,0.874414245548,0.701431492843,0.345794392523,0.640546710305
0,1,600,3200,0.4,campo,ab,2,0.834092980857,0.331081081081,0.521428571429,0.562200877789
0,1,600,3200,0.4,campo,Lab,2,0.875234521576,0.695740365112,0.337899543379,0.636291476689
0,1,600,3200,1.0,sem,ab,0,0.0914869029276,0.0,0.261744966443,0.117743956457
0,1,600,3200,1.0,sem,Lab,0,0.113734419942,0.0,0.253333333333,0.122355917759
0,1,600,3200,1.0,sem,ab,1,0.0909351967072,0.0,0.257425742574,0.116120313094
0,1,600,3200,1.0,sem,Lab,1,0.116114034014,0.0,0.260061919505,0.125391984506
0,1,600,3200,1.0,sem,ab,2,0.0920631844171,0.0,0.260869565217,0.117644249878
0,1,600,3200,1.0,sem,Lab,2,0.0879871434311,0.0,0.271844660194,0.119943934542
0,1,600,3200,1.0,campo,ab,0,0.763888888889,0.333333333333,0.552631578947,0.549951267057
0,1,600,3200,1.0,campo,Lab,0,0.83844765343,0.668615984405,0.526666666667,0.677910101501
0,1,600,3200,1.0,campo,ab,1,0.780936454849,0.333982473223,0.538461538462,0.551126822178
0,1,600,3200,1.0,campo,Lab,1,0.885199240987,0.676528599606,0.523178807947,0.694968882846
0,1,600,3200,1.0,campo,ab,2,0.810975609756,0.333657587549,0.535031847134,0.559888348146
0,1,600,3200,1.0,campo,Lab,2,0.842248413418,0.668615984405,0.526666666667,0.679177021497
0,1,600,3200,1.5,sem,ab,0,0.0851645846631,0.0,0.0,0.0283881948877
0,1,600,3200,1.5,sem,Lab,0,0.00125470514429,0.0,0.254335260116,0.0851966550866
0,1,600,3200,1.5,sem,ab,1,0.0893428732819,0.0,0.260233918129,0.116525597137
0,1,600,3200,1.5,sem,Lab,1,0.0922776148583,0.0,0.254335260116,0.115537624991
0,1,600,3200,1.5,sem,ab,2,0.090106342575,0.0,0.260233918129,0.116780086901
0,1,600,3200,1.5,sem,Lab,2,0.00175575497464,0.0,0.250712250712,0.0841560018956
0,1,600,3200,1.5,campo,ab,0,0.641825095057,0.531782945736,0.479768786127,0.551125608974
0,1,600,3200,1.5,campo,Lab,0,0.817137809187,0.840294840295,0.554054054054,0.737162234512
0,1,600,3200,1.5,campo,ab,1,0.641825095057,0.531782945736,0.48,0.551202680264
0,1,600,3200,1.5,campo,Lab,1,0.817137809187,0.840294840295,0.554054054054,0.737162234512
0,1,600,3200,1.5,campo,ab,2,0.641825095057,0.531782945736,0.509202453988,0.560936831594
0,1,600,3200,1.5,campo,Lab,2,0.816976127321,0.765625,0.554054054054,0.712218393792
0,1,600,3800,0.4,sem,ab,0,0.653370013755,0.0,0.415204678363,0.356191564039
0,1,600,3800,0.4,sem,Lab,0,0.884577114428,0.0,0.385474860335,0.423350658254
0,1,600,3800,0.4,sem,ab,1,0.565812983919,0.0056338028169,0.415204678363,0.328883821699
0,1,600,3800,0.4,sem,Lab,1,0.833333333333,0.0,0.348717948718,0.394017094017
0,1,600,3800,0.4,sem,ab,2,0.615486432826,0.0056338028169,0.433962264151,0.351694166598
0,1,600,3800,0.4,sem,Lab,2,0.833505687694,0.0,0.343434343434,0.392313343709
0,1,600,3800,0.4,campo,ab,0,0.82667876588,0.330761812922,0.525179856115,0.560873478306
0,1,600,3800,0.4,campo,Lab,0,0.871722846442,0.695740365112,0.397849462366,0.65510422464
0,1,600,3800,0.4,campo,ab,1,0.82667876588,0.330761812922,0.525179856115,0.560873478306
0,1,600,3800,0.4,campo,Lab,1,0.873358348968,0.686,0.397849462366,0.652402603778
0,1,600,3800,0.4,campo,ab,2,0.817543859649,0.449541284404,0.525179856115,0.597421666723
0,1,600,3800,0.4,campo,Lab,2,0.878301886792,0.68875502008,0.362745098039,0.643267334971
0,1,600,3800,1.0,sem,ab,0,0.167018284107,0.0,0.276119402985,0.147712562364
0,1,600,3800,1.0,sem,Lab,0,0.181800766284,0.0,0.268656716418,0.150152494234
0,1,600,3800,1.0,sem,ab,1,0.162726961288,0.0,0.269090909091,0.143939290126
0,1,600,3800,1.0,sem,Lab,1,0.18183560069,0.0,0.267399267399,0.14974495603
0,1,600,3800,1.0,sem,ab,2,0.164559154686,0.0,0.270072992701,0.144877382462
0,1,600,3800,1.0,sem,Lab,2,0.166901160746,0.0,0.271698113208,0.146199757984
0,1,600,3800,1.0,campo,ab,0,0.831674208145,0.348931841302,0.490566037736,0.557057362394
0,1,600,3800,1.0,campo,Lab,0,0.898157129001,0.698574338086,0.457831325301,0.684854264129
0,1,600,3800,1.0,campo,ab,1,0.848263254113,0.349287169043,0.490566037736,0.562705486964
0,1,600,3800,1.0,campo,Lab,1,0.880075542965,0.695740365112,0.450292397661,0.675369435246
0,1,600,3800,1.0,campo,ab,2,0.831674208145,0.480392156863,0.490566037736,0.600877467581
0,1,600,3800,1.0,campo,Lab,2,0.880075542965,0.686,0.450292397661,0.672122646875
0,1,600,3800,1.5,sem,ab,0,0.117785776344,0.0,0.423076923077,0.180287566473
0,1,600,3800,1.5,sem,Lab,0,0.122197745238,0.0,0.257575757576,0.126591167605
0,1,600,3800,1.5,sem,ab,1,0.117705487956,0.0,0.415094339623,0.177599942526
0,1,600,3800,1.5,sem,Lab,1,0.122322580645,0.0,0.2625,0.128274193548
0,1,600,3800,1.5,sem,ab,2,0.120553861789,0.0,0.423076923077,0.181210261622
0,1,600,3800,1.5,sem,Lab,2,0.12004069176,0.0,0.259818731118,0.126619807626
0,1,600,3800,1.5,campo,ab,0,0.660364145658,0.403055229142,0.543624161074,0.535681178625
0,1,600,3800,1.5,campo,Lab,0,0.844424460432,0.483098591549,0.554794520548,0.627439190843
0,1,600,3800,1.5,campo,ab,1,0.694915254237,0.412259615385,0.512658227848,0.539944365823
0,1,600,3800,1.5,campo,Lab,1,0.84698469847,0.597539543058,0.554794520548,0.666439587359
0,1,600,3800,1.5,campo,ab,2,0.665960451977,0.300613496933,0.543624161074,0.503399369995
0,1,600,3800,1.5,campo,Lab,2,0.845945945946,0.485835694051,0.554794520548,0.628858720182
0,1,800,2700,0.4,sem,ab,0,0.00399745616426,0.0,0.0,0.00133248538809
0,1,800,2700,0.4,sem,Lab,0,0.0,0.0,0.0,0.0
0,1,800,2700,0.4,sem,ab,1,0.00466862884401,0.0,0.0,0.00155620961467
0,1,800,2700,0.4,sem,Lab,1,0.0,0.0,0.0,0.0
0,1,800,2700,0.4,sem,ab,2,0.00415447077707,0.0,0.0,0.00138482359236
0,1,800,2700,0.4,sem,Lab,2,0.0,0.0,0.0,0.0
0,1,800,2700,0.4,campo,ab,0,0.829555757026,0.368817204301,0.518796992481,0.572389984603
0,1,800,2700,0.4,campo,Lab,0,0.873713751169,0.518910741301,0.395604395604,0.596076296025
0,1,800,2700,0.4,campo,ab,1,0.825022665458,0.368025751073,0.423529411765,0.538859276099
0,1,800,2700,0.4,campo,Lab,1,0.8720821662,0.70867768595,0.350961538462,0.643907130204
0,1,800,2700,0.4,campo,ab,2,0.82890070922,0.487215909091,0.482993197279,0.599703271863
0,1,800,2700,0.4,campo,Lab,2,0.874531835206,0.677865612648,0.395604395604,0.64933394782
0,1,800,2700,1.0,sem,ab,0,0.000836820083682,0.0,0.0,0.000278940027894
0,1,800,2700,1.0,sem,Lab,0,0.000253485424588,0.0,0.0,8.44951415294e-05
0,1,800,2700,1.0,sem,ab,1,0.0019114367633,0.0,0.0,0.000637145587767
0,1,800,2700,1.0,sem,Lab,1,0.0,0.0,0.0,0.0
0,1,800,2700,1.0,sem,ab,2,0.000646551724138,0.0,0.0,0.000215517241379
0,1,800,2700,1.0,sem,Lab,2,0.00137028014616,0.0,0.0,0.000456760048721
0,1,800,2700,1.0,campo,ab,0,0.743307086614,0.52688172043,0.474576271186,0.58158835941
0,1,800,2700,1.0,campo,Lab,0,0.856363636364,0.609318996416,0.529411764706,0.665031465828
0,1,800,2700,1.0,campo,ab,1,0.691068814056,0.31295620438,0.519230769231,0.507751929222
0,1,800,2700,1.0,campo,Lab,1,0.856363636364,0.487908961593,0.529411764706,0.624561454221
0,1,800,2700,1.0,campo,ab,2,0.669029057406,0.52688172043,0.515923566879,0.570611448238
0,1,800,2700,1.0,campo,Lab,2,0.856363636364,0.483098591549,0.529411764706,0.62295799754
0,1,800,2700,1.5,sem,ab,0,0.00147762454264,0.0,0.0,0.000492541514213
0,1,800,2700,1.5,sem,Lab,0,0.00264450321118,0.0,0.243169398907,0.0819379673728
0,1,800,2700,1.5,sem,ab,1,0.00149369660035,0.0,0.0,0.000497898866782
0,1,800,2700,1.5,sem,Lab,1,0.003024003024,0.0,0.0,0.001008001008
0,1,800,2700,1.5,sem,ab,2,0.00129569012548,0.0,0.234828496042,0.0787080620559
0,1,800,2700,1.5,sem,Lab,2,0.00276269410308,0.0,0.246537396122,0.083100030075
0,1,800,2700,1.5,campo,ab,0,0.644696969697,0.566225165563,0.456989247312,0.555970460857
0,1,800,2700,1.5,campo,Lab,0,0.776895943563,0.820143884892,0.457446808511,0.684828878988
0,1,800,2700,1.5,campo,ab,1,0.653045489591,0.559738134206,0.369158878505,0.527314167434
0,1,800,2700,1.5,campo,Lab,1,0.86175580222,0.826086956522,0.459893048128,0.715911935623
0,1,800,2700,1.5,campo,ab,2,0.635885885886,0.465306122449,0.402843601896,0.50134520341
0,1,800,2700,1.5,campo,Lab,2,0.854398382204,0.826086956522,0.0,0.560161779575
0,1,800,3200,0.4,sem,ab,0,0.112920480209,0.0,0.292887029289,0.135269169833
0,1,800,3200,0.4,sem,Lab,0,0.0,0.0,0.311111111111,0.103703703704
0,1,800,3200,0.4,sem,ab,1,0.113392217713,0.0,0.318181818182,0.143858011965
0,1,800,3200,0.4,sem,Lab,1,0.0,0.0,0.308016877637,0.102672292546
0,1,800,3200,0.4,sem,ab,2,0.113446381658,0.0,0.294117647059,0.135854676239
0,1,800,3200,0.4,sem,Lab,2,0.0,0.0,0.306666666667,0.102222222222
0,1,800,3200,0.4,campo,ab,0,0.842960288809,0.346115035318,0.476510067114,0.555195130414
0,1,800,3200,0.4,campo,Lab,0,0.885308056872,0.68875502008,0.365,0.646354358984
0,1,800,3200,0.4,campo,ab,1,0.854262144821,0.347165991903,0.507246376812,0.569558171179
0,1,800,3200,0.4,campo,Lab,1,0.874531835206,0.711618257261,0.349282296651,0.645144129706
0,1,800,3200,0.4,campo,ab,2,0.843721770551,0.346115035318,0.507246376812,0.565694394227
0,1,800,3200,0.4,campo,Lab,2,0.866419294991,0.68875502008,0.350961538462,0.635378617844
0,1,800,3200,1.0,sem,ab,0,0.0920453444434,0.0,0.261016949153,0.117687431199
0,1,800,3200,1.0,sem,Lab,0,0.103829321663,0.0,0.26582278481,0.123217368824
0,1,800,3200,1.0,sem,ab,1,0.0918584413073,0.0,0.262195121951,0.11801785442
0,1,800,3200,1.0,sem,Lab,1,0.101367229225,0.0,0.264150943396,0.121839390874
0,1,800,3200,1.0,sem,ab,2,0.0934947347702,0.0,0.0,0.0311649115901
0,1,800,3200,1.0,sem,Lab,2,0.0973732813462,0.0,0.264615384615,0.120662888654
0,1,800,3200,1.0,campo,ab,0,0.766966475879,0.35143442623,0.491017964072,0.536472955393
0,1,800,3200,1.0,campo,Lab,0,0.874184529357,0.668615984405,0.476470588235,0.673090367333
0,1,800,3200,1.0,campo,ab,1,0.783806343907,0.35143442623,0.463687150838,0.532975973658
0,1,800,3200,1.0,campo,Lab,1,0.844625112918,0.669921875,0.5,0.671515662639
0,1,800,3200,1.0,campo,ab,2,0.783152627189,0.351074718526,0.493975903614,0.542734416443
0,1,800,3200,1.0,campo,Lab,2,0.846153846154,0.668615984405,0.493827160494,0.669532330351
0,1,800,3200,1.5,sem,ab,0,0.0893933685004,0.0,0.260233918129,0.116542428876
0,1,800,3200,1.5,sem,Lab,0,0.0898186354477,0.0,0.25,0.113272878483
0,1,800,3200,1.5,sem,ab,1,0.0872643678161,0.0,0.260233918129,0.115832761982
0,1,800,3200,1.5,sem,Lab,1,0.0933848286789,0.0,0.259475218659,0.117620015779
0,1,800,3200,1.5,sem,ab,2,0.08937653042,0.0,0.261764705882,0.117047078767
0,1,800,3200,1.5,sem,Lab,2,0.0930761622156,0.0,0.253561253561,0.115545805259
0,1,800,3200,1.5,campo,ab,0,0.660377358491,0.547049441786,0.464480874317,0.557302558198
0,1,800,3200,1.5,campo,Lab,0,0.829006266786,0.812796208531,0.522012578616,0.721271684644
0,1,800,3200,1.5,campo,ab,1,0.633257403189,0.546178343949,0.474860335196,0.551432027445
0,1,800,3200,1.5,campo,Lab,1,0.824107142857,0.779545454545,0.515527950311,0.706393515904
0,1,800,3200,1.5,campo,ab,2,0.704562453254,0.544444444444,0.447513812155,0.565506903284
0,1,800,3200,1.5,campo,Lab,2,0.828264758497,0.830508474576,0.51875,0.725841077691
0,1,800,3800,0.4,sem,ab,0,0.567155067155,0.0,0.4375,0.334885022385
0,1,800,3800,0.4,sem,Lab,0,0.827979274611,0.0,0.34693877551,0.391639350041
0,1,800,3800,0.4,sem,ab,1,0.569155446756,0.0,0.4375,0.335551815585
0,1,800,3800,0.4,sem,Lab,1,0.836628511967,0.0,0.4,0.412209503989
0,1,800,3800,0.4,sem,ab,2,0.567765567766,0.0,0.4375,0.335088522589
0,1,800,3800,0.4,sem,Lab,2,0.831425598335,0.0,0.386740331492,0.406055309942
0,1,800,3800,0.4,campo,ab,0,0.823063380282,0.353973168215,0.522388059701,0.566474869399
0,1,800,3800,0.4,campo,Lab,0,0.879472693032,0.507396449704,0.389189189189,0.592019443975
0,1,800,3800,0.4,campo,ab,1,0.84440400364,0.354338842975,0.426900584795,0.541881143803
0,1,800,3800,0.4,campo,Lab,1,0.883632923368,0.680555555556,0.363184079602,0.642457519509
0,1,800,3800,0.4,campo,ab,2,0.834821428571,0.35324407827,0.489655172414,0.559240226418
0,1,800,3800,0.4,campo,Lab,2,0.879472693032,0.673870333988,0.389189189189,0.647510738736
0,1,800,3800,1.0,sem,ab,0,0.16393442623,0.0,0.418994413408,0.194309613212
0,1,800,3800,1.0,sem,Lab,0,0.181644359465,0.0,0.260355029586,0.147333129683
0,1,800,3800,1.0,sem,ab,1,0.164075993092,0.0,0.417582417582,0.193886136891
0,1,800,3800,1.0,sem,Lab,1,0.180505415162,0.0,0.277777777778,0.152761064313
0,1,800,3800,1.0,sem,ab,2,0.163849603311,0.0,0.419889502762,0.194579702025
0,1,800,3800,1.0,sem,Lab,2,0.183452542045,0.0,0.265682656827,0.149711732957
0,1,800,3800,1.0,campo,ab,0,0.859649122807,0.365671641791,0.444444444444,0.556588403014
0,1,800,3800,1.0,campo,Lab,0,0.882075471698,0.692929292929,0.427777777778,0.667594180802
0,1,800,3800,1.0,campo,ab,1,0.843243243243,0.365282215122,0.521739130435,0.576754862933
0,1,800,3800,1.0,campo,Lab,1,0.857933579336,0.692929292929,0.424581005587,0.658481292617
0,1,800,3800,1.0,campo,ab,2,0.843243243243,0.365282215122,0.444444444444,0.550989967603
0,1,800,3800,1.0,campo,Lab,2,0.900584795322,0.7,0.426966292135,0.675850362485
0,1,800,3800,1.5,sem,ab,0,0.117240528199,0.0,0.29963898917,0.138959839123
0,1,800,3800,1.5,sem,Lab,0,0.122948684553,0.0,0.261398176292,0.128115620282
0,1,800,3800,1.5,sem,ab,1,0.117443441711,0.0,0.410377358491,0.175940266734
0,1,800,3800,1.5,sem,Lab,1,0.123076923077,0.0,0.265432098765,0.129503007281
0,1,800,3800,1.5,sem,ab,2,0.116871921182,0.0,0.411214953271,0.176028958151
0,1,800,3800,1.5,sem,Lab,2,0.116641528406,0.0,0.25219941349,0.122946980632
0,1,800,3800,1.5,campo,ab,0,0.704868913858,0.530139103555,0.5,0.578336005804
0,1,800,3800,1.5,campo,Lab,0,0.852622061483,0.613718411552,0.529411764706,0.665250745914
0,1,800,3800,1.5,campo,ab,1,0.706146926537,0.528505392912,0.529032258065,0.587894859171
0,1,800,3800,1.5,campo,Lab,1,0.853393665158,0.673870333988,0.0,0.509087999716
0,1,800,3800,1.5,campo,ab,2,0.748218527316,0.527692307692,0.479289940828,0.585066925279
0,1,800,3800,1.5,campo,Lab,2,0.851851851852,0.868556701031,0.529411764706,0.749940105863
1,0,0,4200,0.4,sem,ab,0,0.78355704698,0.00313807531381,0.706214689266,0.497636603853
1,0,0,4200,0.4,sem,Lab,0,0.854700854701,0.0,0.685082872928,0.513261242543
1,0,0,4200,0.4,sem,ab,1,0.792869269949,0.0,0.719298245614,0.504055838521
1,0,0,4200,0.4,sem,Lab,1,0.879917184265,0.0,0.685082872928,0.521666685731
1,0,0,4200,0.4,sem,ab,2,0.792869269949,0.0,0.640350877193,0.477740049047
1,0,0,4200,0.4,sem,Lab,2,0.854700854701,0.0,0.687150837989,0.51395056423
1,0,0,4200,0.4,campo,ab,0,0.757264957265,0.0420115495669,0.696132596685,0.498469701172
1,0,0,4200,0.4,campo,Lab,0,0.866927592955,0.633792603336,0.650485436893,0.717068544395
1,0,0,4200,0.4,campo,ab,1,0.757264957265,0.0421153846154,0.689473684211,0.496284675364
1,0,0,4200,0.4,campo,Lab,1,0.863547758285,0.551659361302,0.655339805825,0.690182308471
1,0,0,4200,0.4,campo,ab,2,0.757264957265,0.0413456117271,0.67,0.489536856331
1,0,0,4200,0.4,campo,Lab,2,0.891348088531,0.547204968944,0.647342995169,0.695298684215
1,0,0,4200,1.0,sem,ab,0,0.590391908976,0.51724137931,0.623430962343,0.577021416876
1,0,0,4200,1.0,sem,Lab,0,0.671942446043,0.561023622047,0.610655737705,0.614540601932
1,0,0,4200,1.0,sem,ab,1,0.589646464646,0.514440433213,0.62660944206,0.576898779973
1,0,0,4200,1.0,sem,Lab,1,0.661473087819,0.607028753994,0.61316872428,0.627223522031
1,0,0,4200,1.0,sem,ab,2,0.601804123711,0.513976555455,0.620833333333,0.5788713375
1,0,0,4200,1.0,sem,Lab,2,0.661473087819,0.607028753994,0.608163265306,0.625555035706
1,0,0,4200,1.0,campo,ab,0,0.756849315068,0.0420839753467,0.668161434978,0.489031575131
1,0,0,4200,1.0,campo,Lab,0,0.891129032258,0.646971935007,0.640909090909,0.726336686058
1,0,0,4200,1.0,campo,ab,1,0.756849315068,0.0422575976845,0.68253968254,0.493882198431
1,0,0,4200,1.0,campo,Lab,1,0.854932301741,0.627940128297,0.64,0.707624143346
1,0,0,4200,1.0,campo,ab,2,0.760757314974,0.0422732092934,0.663461538462,0.488830687576
1,0,0,4200,1.0,campo,Lab,2,0.887550200803,0.65914221219,0.630630630631,0.725774347874
1,0,0,4200,1.5,sem,ab,0,0.340131099782,0.670984455959,0.671171171171,0.560762242304
1,0,0,4200,1.5,sem,Lab,0,0.365700861394,0.67593397046,0.636752136752,0.559462322869
1,0,0,4200,1.5,sem,ab,1,0.338896952104,0.664675767918,0.58431372549,0.529295481838
1,0,0,4200,1.5,sem,Lab,1,0.355945121951,0.769535113749,0.634042553191,0.586507596297
1,0,0,4200,1.5,sem,ab,2,0.338405797101,0.664675767918,0.58431372549,0.529131763503
1,0,0,4200,1.5,sem,Lab,2,0.350337584396,0.67593397046,0.636752136752,0.554341230536
1,0,0,4200,1.5,campo,ab,0,0.733884297521,0.0358860525342,0.639004149378,0.469591499811
1,0,0,4200,1.5,campo,Lab,0,0.858800773694,0.614736842105,0.645021645022,0.706186420274
1,0,0,4200,1.5,campo,ab,1,0.733884297521,0.0358211402107,0.652360515021,0.474021984251
1,0,0,4200,1.5,campo,Lab,1,0.888,0.553697749196,0.680365296804,0.707354348667
1,0,0,4200,1.5,campo,ab,2,0.731466227348,0.0359222504716,0.638655462185,0.468681313335
1,0,0,4200,1.5,campo,Lab,2,0.852207293666,0.536114570361,0.628,0.672107288009
1,0,0,5000,0.4,sem,ab,0,0.801739130435,0.440409683426,0.708571428571,0.650240080811
1,0,0,5000,0.4,sem,Lab,0,0.844680851064,0.0,0.71511627907,0.519932376711
1,0,0,5000,0.4,sem,ab,1,0.803135888502,0.440740740741,0.713450292398,0.652442307213
1,0,0,5000,0.4,sem,Lab,1,0.848290598291,0.0,0.700564971751,0.516285190014
1,0,0,5000,0.4,sem,ab,2,0.801739130435,0.439591078067,0.628712871287,0.623347693263
1,0,0,5000,0.4,sem,Lab,2,0.848290598291,0.0,0.71511627907,0.521135625787
1,0,0,5000,0.4,campo,ab,0,0.758974358974,0.0425324358599,0.680412371134,0.493973055323
1,0,0,5000,0.4,campo,Lab,0,0.880952380952,0.565721649485,0.702702702703,0.716458911047
1,0,0,5000,0.4,campo,ab,1,0.760273972603,0.042709652284,0.668292682927,0.490425435938
1,0,0,5000,0.4,campo,Lab,1,0.895161290323,0.647668393782,0.668224299065,0.73701799439
1,0,0,5000,0.4,campo,ab,2,0.756388415673,0.0427120960656,0.64406779661,0.481056102783
1,0,0,5000,0.4,campo,Lab,2,0.8671875,0.652206432311,0.644859813084,0.721417915132
1,0,0,5000,1.0,sem,ab,0,0.772425249169,0.644510828977,0.63025210084,0.682396059662
1,0,0,5000,1.0,sem,Lab,0,0.842960288809,0.752613240418,0.631355932203,0.742309820477
1,0,0,5000,1.0,sem,ab,1,0.754442649435,0.645474943904,0.660792951542,0.68690351496
1,0,0,5000,1.0,sem,Lab,1,0.852189781022,0.763087843833,0.631355932203,0.748877852353
1,0,0,5000,1.0,sem,ab,2,0.770764119601,0.644510828977,0.63025210084,0.681842349806
1,0,0,5000,1.0,sem,Lab,2,0.807958477509,0.751091703057,0.631355932203,0.730135370923
1,0,0,5000,1.0,campo,ab,0,0.758561643836,0.0462522465377,0.69587628866,0.500230059678
1,0,0,5000,1.0,campo,Lab,0,0.86862745098,0.588866532529,0.63133640553,0.696276796346
1,0,0,5000,1.0,campo,ab,1,0.75468483816,0.046390933644,0.685185185185,0.495420318996
1,0,0,5000,1.0,campo,Lab,1,0.870333988212,0.585953177258,0.679069767442,0.711785644304
1,0,0,5000,1.0,campo,ab,2,0.757264957265,0.046394485684,0.656862745098,0.486840729349
1,0,0,5000,1.0,campo,Lab,2,0.86186770428,0.66161998486,0.635944700461,0.719810796534
1,0,0,5000,1.5,sem,ab,0,0.699101796407,0.415311004785,0.698113207547,0.604175336246
1,0,0,5000,1.5,sem,Lab,0,0.813588850174,0.832535885167,0.644736842105,0.763620525816
1,0,0,5000,1.5,sem,ab,1,0.704374057315,0.425816023739,0.660633484163,0.596941188406
1,0,0,5000,1.5,sem,Lab,1,0.813588850174,0.830945558739,0.647577092511,0.764037167141
1,0,0,5000,1.5,sem,ab,2,0.748397435897,0.424644084438,0.701421800948,0.624821107094
1,0,0,5000,1.5,sem,Lab,2,0.815008726003,0.818696883853,0.647577092511,0.760427567456
1,0,0,5000,1.5,campo,ab,0,0.753846153846,0.0405311618008,0.666666666667,0.487014660771
1,0,0,5000,1.5,campo,Lab,0,0.852998065764,0.643279172821,0.646017699115,0.714098312567
1,0,0,5000,1.5,campo,ab,1,0.753846153846,0.0406032482599,0.679069767442,0.491173056516
1,0,0,5000,1.5,campo,Lab,1,0.75,0.595075239398,0.650862068966,0.665312436121
1,0,0,5000,1.5,campo,ab,2,0.747457627119,0.0404203346085,0.662222222222,0.483366727983
1,0,0,5000,1.5,campo,Lab,2,0.890909090909,0.651458489155,0.634782608696,0.725716729587
1,0,0,5800,0.4,sem,ab,0,0.773214285714,0.731748726655,0.707602339181,0.73752178385
1,0,0,5800,0.4,sem,Lab,0,0.916488222698,0.914962325081,0.671875,0.83444184926
1,0,0,5800,0.4,sem,ab,1,0.773214285714,0.735218508997,0.7,0.736144264904
1,0,0,5800,0.4,sem,Lab,1,0.916488222698,0.885405405405,0.701754385965,0.834549338023
1,0,0,5800,0.4,sem,ab,2,0.773214285714,0.736480686695,0.701754385965,0.737149786125
1,0,0,5800,0.4,sem,Lab,2,0.792291220557,0.916576381365,0.691891891892,0.800253164605
1,0,0,5800,0.4,campo,ab,0,0.756388415673,0.041680528492,0.628099173554,0.475389372573
1,0,0,5800,0.4,campo,Lab,0,0.857142857143,0.683554169914,0.641860465116,0.727519164058
1,0,0,5800,0.4,campo,ab,1,0.756388415673,0.0417401248392,0.686813186813,0.494980575775
1,0,0,5800,0.4,campo,Lab,1,0.895161290323,0.65398956003,0.648780487805,0.732643779386
1,0,0,5800,0.4,campo,ab,2,0.757679180887,0.0409569021689,0.643776824034,0.480804302364
1,0,0,5800,0.4,campo,Lab,2,0.895161290323,0.66015037594,0.648780487805,0.734697384689
1,0,0,5800,1.0,sem,ab,0,0.764802631579,0.178563995838,0.638655462185,0.527340696534
1,0,0,5800,1.0,sem,Lab,0,0.93,0.794010889292,0.628205128205,0.784072005832
1,0,0,5800,1.0,sem,ab,1,0.769867549669,0.172528984083,0.640350877193,0.527582470315
1,0,0,5800,1.0,sem,Lab,1,0.931863727455,0.789033457249,0.647619047619,0.789505410774
1,0,0,5800,1.0,sem,ab,2,0.764802631579,0.172759433962,0.632911392405,0.523491152649
1,0,0,5800,1.0,sem,Lab,2,0.93,0.802016498625,0.628205128205,0.786740542277
1,0,0,5800,1.0,campo,ab,0,0.764604810997,0.0480039590894,0.682291666667,0.498300145584
1,0,0,5800,1.0,campo,Lab,0,0.897177419355,0.591368846932,0.658653846154,0.715733370814
1,0,0,5800,1.0,campo,ab,1,0.765920826162,0.0471111587523,0.653658536585,0.4888968405
1,0,0,5800,1.0,campo,Lab,1,0.897177419355,0.6426448737,0.647342995169,0.729055096075
1,0,0,5800,1.0,campo,ab,2,0.765920826162,0.0480526604498,0.65350877193,0.489160752847
1,0,0,5800,1.0,campo,Lab,2,0.897177419355,0.647450110865,0.623255813953,0.722627781391
1,0,0,5800,1.5,sem,ab,0,0.75040257649,0.0466605672461,0.646017699115,0.481026947617
1,0,0,5800,1.5,sem,Lab,0,0.765188834154,0.527985074627,0.637554585153,0.643576164645
1,0,0,5800,1.5,sem,ab,1,0.749196141479,0.0466756393001,0.661904761905,0.485925514228
1,0,0,5800,1.5,sem,Lab,1,0.858195211786,0.470021413276,0.637554585153,0.655257070072
1,0,0,5800,1.5,sem,ab,2,0.77537437604,0.0465703389375,0.68544600939,0.502463574789
1,0,0,5800,1.5,sem,Lab,2,0.766447368421,0.526220614828,0.657657657658,0.650108546969
1,0,0,5800,1.5,campo,ab,0,0.742857142857,0.0421517268141,0.663716814159,0.482908561277
1,0,0,5800,1.5,campo,Lab,0,0.854932301741,0.532258064516,0.637554585153,0.674914983803
1,0,0,5800,1.5,campo,ab,1,0.744107744108,0.0424363212133,0.678733031674,0.488425698998
1,0,0,5800,1.5,campo,Lab,1,0.882235528942,0.578186596583,0.637554585153,0.699325570226
1,0,0,5800,1.5,campo,ab,2,0.745362563238,0.0422049538611,0.681818181818,0.489795232972
1,0,0,5800,1.5,campo,Lab,2,0.891129032258,0.489887640449,0.637554585153,0.672857085953
1,0,200,4200,0.4,sem,ab,0,0.778333333333,0.00212089077413,0.654377880184,0.478277368097
1,0,200,4200,0.4,sem,Lab,0,0.824411134904,0.0,0.685393258427,0.50326813111
1,0,200,4200,0.4,sem,ab,1,0.742448330684,0.00212089077413,0.660465116279,0.468344779246
1,0,200,4200,0.4,sem,Lab,1,0.890946502058,0.0,0.685082872928,0.525343124995
1,0,200,4200,0.4,sem,ab,2,0.778333333333,0.00212089077413,0.639130434783,0.473194886297
1,0,200,4200,0.4,sem,Lab,2,0.86295503212,0.0,0.689265536723,0.517406856281
1,0,200,4200,0.4,campo,ab,0,0.752542372881,0.0334847848498,0.696335078534,0.494120745422
1,0,200,4200,0.4,campo,Lab,0,0.893360160966,0.655120481928,0.646511627907,0.731664090267
1,0,200,4200,0.4,campo,ab,1,0.758974358974,0.0330867164908,0.71,0.500687025155
1,0,200,4200,0.4,campo,Lab,1,0.89156626506,0.637554585153,0.633928571429,0.721016473881
1,0,200,4200,0.4,campo,ab,2,0.752542372881,0.0330494804367,0.69587628866,0.493822713993
1,0,200,4200,0.4,campo,Lab,2,0.893360160966,0.553379658876,0.673267326733,0.706669048858
1,0,200,4200,1.0,sem,ab,0,0.593392630241,0.0540037243948,0.643776824034,0.430391059557
1,0,200,4200,1.0,sem,Lab,0,0.744816586922,0.536945812808,0.619834710744,0.633865703491
1,0,200,4200,1.0,sem,ab,1,0.597186700767,0.499085923218,0.619834710744,0.572035778243
1,0,200,4200,1.0,sem,Lab,1,0.665242165242,0.583511777302,0.617283950617,0.622012631054
1,0,200,4200,1.0,sem,ab,2,0.59795134443,0.5,0.607287449393,0.568412931274
1,0,200,4200,1.0,sem,Lab,2,0.664295874822,0.536945812808,0.617283950617,0.606175212749
1,0,200,4200,1.0,campo,ab,0,0.75468483816,0.0351319953531,0.689119170984,0.492978668166
1,0,200,4200,1.0,campo,Lab,0,0.86862745098,0.682453416149,0.634782608696,0.728621158608
1,0,200,4200,1.0,campo,ab,1,0.75468483816,0.0347375908947,0.677419354839,0.488947261298
1,0,200,4200,1.0,campo,Lab,1,0.889112903226,0.605082417582,0.653153153153,0.715782824654
1,0,200,4200,1.0,campo,ab,2,0.758561643836,0.0345898353052,0.625570776256,0.472907418466
1,0,200,4200,1.0,campo,Lab,2,0.89314516129,0.671274961598,0.632286995516,0.732235706135
1,0,200,4200,1.5,sem,ab,0,0.342375366569,0.669557675629,0.65350877193,0.555147271376
1,0,200,4200,1.5,sem,Lab,0,0.372111553785,0.675131348511,0.645021645022,0.564088182439
1,0,200,4200,1.5,sem,ab,1,0.346696362287,0.671888598782,0.56015037594,0.526245112336
1,0,200,4200,1.5,sem,Lab,1,0.365129007037,0.674255691769,0.645021645022,0.561468781276
1,0,200,4200,1.5,sem,ab,2,0.347470238095,0.668977469671,0.567567567568,0.528005091778
1,0,200,4200,1.5,sem,Lab,2,0.378444084279,0.675438596491,0.64224137931,0.565374686693
1,0,200,4200,1.5,campo,ab,0,0.74,0.0330304287169,0.649572649573,0.474201026097
1,0,200,4200,1.5,campo,Lab,0,0.858800773694,0.590508474576,0.635593220339,0.694967489537
1,0,200,4200,1.5,campo,ab,1,0.737541528239,0.0329270579411,0.68018018018,0.483549588787
1,0,200,4200,1.5,campo,Lab,1,0.884462151394,0.652861445783,0.618257261411,0.718526952863
1,0,200,4200,1.5,campo,ab,2,0.738768718802,0.0329707553916,0.675799086758,0.482512853651
1,0,200,4200,1.5,campo,Lab,2,0.895161290323,0.660823170732,0.635593220339,0.730525893798
1,0,200,5000,0.4,sem,ab,0,0.796875,0.432710280374,0.692708333333,0.640764537902
1,0,200,5000,0.4,sem,Lab,0,0.861407249467,0.0,0.676136363636,0.512514537701
1,0,200,5000,0.4,sem,ab,1,0.812056737589,0.429906542056,0.674157303371,0.638706861005
1,0,200,5000,0.4,sem,Lab,1,0.814498933902,0.0,0.676136363636,0.496878432513
1,0,200,5000,0.4,sem,ab,2,0.796875,0.431390977444,0.68156424581,0.636610074418
1,0,200,5000,0.4,sem,Lab,2,0.82869379015,0.0,0.676136363636,0.501610051262
1,0,200,5000,0.4,campo,ab,0,0.75,0.0357448542898,0.619834710744,0.468526521678
1,0,200,5000,0.4,campo,Lab,0,0.879207920792,0.658885542169,0.638009049774,0.725367504245
1,0,200,5000,0.4,campo,ab,1,0.75,0.0356736088513,0.716417910448,0.5006971731
1,0,200,5000,0.4,campo,Lab,1,0.895161290323,0.675404780262,0.645739910314,0.7387686603
1,0,200,5000,0.4,campo,ab,2,0.751269035533,0.0352988367429,0.63025210084,0.472273324372
1,0,200,5000,0.4,campo,Lab,2,0.89156626506,0.606206896552,0.630630630631,0.709467930748
1,0,200,5000,1.0,sem,ab,0,0.749598715891,0.641901931649,0.627615062762,0.673038570101
1,0,200,5000,1.0,sem,Lab,0,0.830960854093,0.769367764915,0.628691983122,0.743006867377
1,0,200,5000,1.0,sem,ab,1,0.749598715891,0.641901931649,0.627615062762,0.673038570101
1,0,200,5000,1.0,sem,Lab,1,0.794217687075,0.804490177736,0.634259259259,0.74432237469
1,0,200,5000,1.0,sem,ab,2,0.749598715891,0.642379182156,0.619834710744,0.67060420293
1,0,200,5000,1.0,sem,Lab,2,0.832442067736,0.770053475936,0.62447257384,0.742322705837
1,0,200,5000,1.0,campo,ab,0,0.749576988156,0.035705591171,0.713513513514,0.499598697613
1,0,200,5000,1.0,campo,Lab,0,0.89314516129,0.670237184392,0.634703196347,0.732695180676
1,0,200,5000,1.0,campo,ab,1,0.757264957265,0.0362696443342,0.691919191919,0.495151264506
1,0,200,5000,1.0,campo,Lab,1,0.855212355212,0.525656324582,0.658767772512,0.679878817436
1,0,200,5000,1.0,campo,ab,2,0.753401360544,0.0362327832237,0.680203045685,0.489945729818
1,0,200,5000,1.0,campo,Lab,2,0.89314516129,0.668960244648,0.647887323944,0.736664243294
1,0,200,5000,1.5,sem,ab,0,0.701201201201,0.40550629958,0.643776824034,0.583494774939
1,0,200,5000,1.5,sem,Lab,0,0.803786574871,0.775401069519,0.643171806167,0.740786483519
1,0,200,5000,1.5,sem,ab,1,0.704374057315,0.427299703264,0.666666666667,0.599446809082
1,0,200,5000,1.5,sem,Lab,1,0.803786574871,0.774336283186,0.643171806167,0.740431554741
1,0,200,5000,1.5,sem,ab,2,0.698056801196,0.38868940754,0.666666666667,0.584470958468
1,0,200,5000,1.5,sem,Lab,2,0.803786574871,0.828598484848,0.599221789883,0.743868949868
1,0,200,5000,1.5,campo,ab,0,0.750847457627,0.0360642239605,0.656387665198,0.481099782262
1,0,200,5000,1.5,campo,Lab,0,0.887775551102,0.544831880448,0.639130434783,0.690579288778
1,0,200,5000,1.5,campo,ab,1,0.753401360544,0.0359286326706,0.652173913043,0.480501302086
1,0,200,5000,1.5,campo,Lab,1,0.887775551102,0.588394062078,0.622881355932,0.699683656371
1,0,200,5000,1.5,campo,ab,2,0.752122241087,0.035623306781,0.640350877193,0.476032141687
1,0,200,5000,1.5,campo,Lab,2,0.880715705765,0.558616271621,0.633620689655,0.690984222347
1,0,200,5800,0.4,sem,ab,0,0.785198555957,0.738382099828,0.70297029703,0.742183650938
1,0,200,5800,0.4,sem,Lab,0,0.802997858672,0.906047516199,0.697802197802,0.802282524224
1,0,200,5800,0.4,sem,ab,1,0.783783783784,0.733446519525,0.678217821782,0.731816041697
1,0,200,5800,0.4,sem,Lab,1,0.796573875803,0.866738894908,0.697802197802,0.787038322838
1,0,200,5800,0.4,sem,ab,2,0.783783783784,0.738382099828,0.677966101695,0.733377328436
1,0,200,5800,0.4,sem,Lab,2,0.918629550321,0.863488624052,0.677966101695,0.820028092023
1,0,200,5800,0.4,campo,ab,0,0.760273972603,0.0340755082285,0.660194174757,0.484847885196
1,0,200,5800,0.4,campo,Lab,0,0.874015748031,0.657854984894,0.644549763033,0.725473498653
1,0,200,5800,0.4,campo,ab,1,0.758974358974,0.0345915670729,0.695187165775,0.496251030608
1,0,200,5800,0.4,campo,Lab,1,0.894949494949,0.656862745098,0.636771300448,0.729527846832
1,0,200,5800,0.4,campo,ab,2,0.757679180887,0.0345997553951,0.680555555556,0.490944830613
1,0,200,5800,0.4,campo,Lab,2,0.811700182815,0.691581431943,0.652380952381,0.718554189047
1,0,200,5800,1.0,sem,ab,0,0.760195758564,0.167938931298,0.63025210084,0.519462263567
1,0,200,5800,1.0,sem,Lab,0,0.92828685259,0.795126353791,0.640186915888,0.787866707423
1,0,200,5800,1.0,sem,ab,1,0.770247933884,0.173869346734,0.634782608696,0.526299963105
1,0,200,5800,1.0,sem,Lab,1,0.931863727455,0.795126353791,0.640186915888,0.789058999044
1,0,200,5800,1.0,sem,ab,2,0.760195758564,0.1732,0.63025210084,0.521215953135
1,0,200,5800,1.0,sem,Lab,2,0.931863727455,0.866273352999,0.632034632035,0.810057237496
1,0,200,5800,1.0,campo,ab,0,0.75468483816,0.0349505266518,0.697916666667,0.49585067716
1,0,200,5800,1.0,campo,Lab,0,0.882470119522,0.587842351369,0.643518518519,0.704610329803
1,0,200,5800,1.0,campo,ab,1,0.752122241087,0.0350407543551,0.695238095238,0.494133696893
1,0,200,5800,1.0,campo,Lab,1,0.855212355212,0.415370108439,0.649289099526,0.639957187726
1,0,200,5800,1.0,campo,ab,2,0.753401360544,0.0350183676729,0.688679245283,0.4923663245
1,0,200,5800,1.0,campo,Lab,2,0.884231536926,0.656367746797,0.655660377358,0.732086553694
1,0,200,5800,1.5,sem,ab,0,0.742448330684,0.0454046710904,0.692682926829,0.493511976201
1,0,200,5800,1.5,sem,Lab,0,0.894636015326,0.201647974365,0.629310344828,0.575198111506
1,0,200,5800,1.5,sem,ab,1,0.743630573248,0.0453691135011,0.665178571429,0.484726086059
1,0,200,5800,1.5,sem,Lab,1,0.88446969697,0.207294117647,0.643171806167,0.578311873595
1,0,200,5800,1.5,sem,ab,2,0.73775671406,0.0451686088481,0.703349282297,0.495424868402
1,0,200,5800,1.5,sem,Lab,2,0.760586319218,0.527431421446,0.632034632035,0.640017457566
1,0,200,5800,1.5,campo,ab,0,0.740802675585,0.0337379849117,0.643171806167,0.472570822221
1,0,200,5800,1.5,campo,Lab,0,0.850287907869,0.554115359689,0.634782608696,0.679728625418
1,0,200,5800,1.5,campo,ab,1,0.740802675585,0.0339048801303,0.65350877193,0.476072109215
1,0,200,5800,1.5,campo,Lab,1,0.891348088531,0.586486486486,0.637554585153,0.705129720057
1,0,200,5800,1.5,campo,ab,2,0.755972696246,0.0340350877193,0.696078431373,0.495362071779
1,0,200,5800,1.5,campo,Lab,2,0.891348088531,0.718646864686,0.709844559585,0.773279837601
1,0,400,4200,0.4,sem,ab,0,0.786195286195,0.0010649627263,0.673469387755,0.486909878892
1,0,400,4200,0.4,sem,Lab,0,0.87525987526,0.0,0.694444444444,0.523234773235
1,0,400,4200,0.4,sem,ab,1,0.788851351351,0.0010649627263,0.658986175115,0.482967496398
1,0,400,4200,0.4,sem,Lab,1,0.870636550308,0.0,0.677595628415,0.516077392908
1,0,400,4200,0.4,sem,ab,2,0.787521079258,0.0010649627263,0.633187772926,0.47392460497
1,0,400,4200,0.4,sem,Lab,2,0.817987152034,0.0,0.690607734807,0.50286496228
1,0,400,4200,0.4,campo,ab,0,0.742474916388,0.0410131560466,0.689839572193,0.491109214876
1,0,400,4200,0.4,campo,Lab,0,0.870588235294,0.674652241113,0.643192488263,0.72947765489
1,0,400,4200,0.4,campo,ab,1,0.755102040816,0.0410400562193,0.621145374449,0.472429157162
1,0,400,4200,0.4,campo,Lab,1,0.892929292929,0.681995323461,0.640186915888,0.738370510759
1,0,400,4200,0.4,campo,ab,2,0.741235392321,0.0409154600654,0.63179916318,0.471316671855
1,0,400,4200,0.4,campo,Lab,2,0.828358208955,0.688188976378,0.635555555556,0.717367580296
1,0,400,4200,1.0,sem,ab,0,0.605706874189,0.534246575342,0.599206349206,0.579719932913
1,0,400,4200,1.0,sem,Lab,0,0.686764705882,0.623003194888,0.608870967742,0.639546289504
1,0,400,4200,1.0,sem,ab,1,0.620185922975,0.198522622345,0.623966942149,0.480891829156
1,0,400,4200,1.0,sem,Lab,1,0.687776141384,0.0155279503106,0.613821138211,0.439041743302
1,0,400,4200,1.0,sem,ab,2,0.619363395225,0.520462633452,0.644444444444,0.594756824374
1,0,400,4200,1.0,sem,Lab,2,0.719568567026,0.576354679803,0.618852459016,0.638258568615
1,0,400,4200,1.0,campo,ab,0,0.758974358974,0.0413036311402,0.658536585366,0.48627152516
1,0,400,4200,1.0,campo,Lab,0,0.895161290323,0.681995323461,0.651741293532,0.742965969105
1,0,400,4200,1.0,campo,ab,1,0.764199655766,0.0412215895723,0.671568627451,0.492329957596
1,0,400,4200,1.0,campo,Lab,1,0.895161290323,0.621448863636,0.630630630631,0.715746928197
1,0,400,4200,1.0,campo,ab,2,0.760273972603,0.0413890857548,0.640186915888,0.480616658082
1,0,400,4200,1.0,campo,Lab,2,0.895161290323,0.678571428571,0.625,0.732910906298
1,0,400,4200,1.5,sem,ab,0,0.348507462687,0.683522231909,0.582677165354,0.538235619983
1,0,400,4200,1.5,sem,Lab,0,0.366849960723,0.690748898678,0.651785714286,0.569794857896
1,0,400,4200,1.5,sem,ab,1,0.359230769231,0.684716157205,0.495268138801,0.513071688412
1,0,400,4200,1.5,sem,Lab,1,0.365414710485,0.754571703561,0.637931034483,0.585972482843
1,0,400,4200,1.5,sem,ab,2,0.347728965004,0.682926829268,0.55871886121,0.529791551827
1,0,400,4200,1.5,sem,Lab,2,0.365700861394,0.690748898678,0.637931034483,0.564793598185
1,0,400,4200,1.5,campo,ab,0,0.740983606557,0.0371026972268,0.621951219512,0.466679174432
1,0,400,4200,1.5,campo,Lab,0,0.864244741874,0.66974595843,0.647826086957,0.72727226242
1,0,400,4200,1.5,campo,ab,1,0.755852842809,0.0369370888851,0.651982378855,0.481590770183
1,0,400,4200,1.5,campo,Lab,1,0.905811623246,0.686860739575,0.645299145299,0.745990502707
1,0,400,4200,1.5,campo,ab,2,0.743421052632,0.036797446022,0.625514403292,0.468577633982
1,0,400,4200,1.5,campo,Lab,2,0.862595419847,0.651651651652,0.618257261411,0.710834777637
1,0,400,5000,0.4,sem,ab,0,0.807355516637,0.447441860465,0.693181818182,0.649326398428
1,0,400,5000,0.4,sem,Lab,0,0.83686440678,0.0,0.6875,0.508121468927
1,0,400,5000,0.4,sem,ab,1,0.800347222222,0.447441860465,0.686170212766,0.644653098484
1,0,400,5000,0.4,sem,Lab,1,0.857749469214,0.0,0.6875,0.515083156405
1,0,400,5000,0.4,sem,ab,2,0.800347222222,0.445996275605,0.673469387755,0.639937628528
1,0,400,5000,0.4,sem,Lab,2,0.876857749469,0.0,0.687150837989,0.521336195819
1,0,400,5000,0.4,campo,ab,0,0.752542372881,0.0414061019519,0.65367965368,0.482542709504
1,0,400,5000,0.4,campo,Lab,0,0.895161290323,0.687352710134,0.642857142857,0.741790381104
1,0,400,5000,0.4,campo,ab,1,0.757679180887,0.0417678716007,0.64347826087,0.480975104453
1,0,400,5000,0.4,campo,Lab,1,0.857142857143,0.667174409749,0.641509433962,0.721942233618
1,0,400,5000,0.4,campo,ab,2,0.744966442953,0.0408428478604,0.689839572193,0.491882954335
1,0,400,5000,0.4,campo,Lab,2,0.872298624754,0.675925925926,0.63768115942,0.7286352367
1,0,400,5000,1.0,sem,ab,0,0.763071895425,0.665893271462,0.629166666667,0.686043944518
1,0,400,5000,1.0,sem,Lab,0,0.842960288809,0.847290640394,0.621848739496,0.770699889566
1,0,400,5000,1.0,sem,ab,1,0.743630573248,0.664351851852,0.626556016598,0.678179480566
1,0,400,5000,1.0,sem,Lab,1,0.836917562724,0.841642228739,0.621848739496,0.766802843653
1,0,400,5000,1.0,sem,ab,2,0.768092105263,0.66511627907,0.65367965368,0.695629346004
1,0,400,5000,1.0,sem,Lab,2,0.83842010772,0.802054154995,0.621848739496,0.754107667404
1,0,400,5000,1.0,campo,ab,0,0.742424242424,0.0421443020904,0.674311926606,0.486293490373
1,0,400,5000,1.0,campo,Lab,0,0.889112903226,0.66870696251,0.643192488263,0.733670784666
1,0,400,5000,1.0,campo,ab,1,0.751277683135,0.0421062727796,0.674311926606,0.48923196084
1,0,400,5000,1.0,campo,Lab,1,0.852998065764,0.667431192661,0.646226415094,0.72221855784
1,0,400,5000,1.0,campo,ab,2,0.751277683135,0.0423966702159,0.658415841584,0.484030064978
1,0,400,5000,1.0,campo,Lab,2,0.875,0.653472740851,0.625570776256,0.718014505702
1,0,400,5000,1.5,sem,ab,0,0.710806697108,0.415347721823,0.693396226415,0.606516881782
1,0,400,5000,1.5,sem,Lab,0,0.721792890263,0.570491803279,0.654867256637,0.64905065006
1,0,400,5000,1.5,sem,ab,1,0.710806697108,0.383968113375,0.696682464455,0.597152424979
1,0,400,5000,1.5,sem,Lab,1,0.806563039724,0.598214285714,0.654867256637,0.686548194025
1,0,400,5000,1.5,sem,ab,2,0.698056801196,0.400184416782,0.579335793358,0.559192337112
1,0,400,5000,1.5,sem,Lab,2,0.806563039724,0.598214285714,0.649122807018,0.684633377485
1,0,400,5000,1.5,campo,ab,0,0.753820033956,0.0383333333333,0.680952380952,0.491035249414
1,0,400,5000,1.5,campo,Lab,0,0.847328244275,0.611111111111,0.646288209607,0.701575854998
1,0,400,5000,1.5,campo,ab,1,0.75,0.0381776088761,0.657777777778,0.481985128885
1,0,400,5000,1.5,campo,Lab,1,0.837735849057,0.594005449591,0.65350877193,0.695083356859
1,0,400,5000,1.5,campo,ab,2,0.748735244519,0.0379032605418,0.685185185185,0.490607896749
1,0,400,5000,1.5,campo,Lab,2,0.847328244275,0.67965705378,0.65625,0.727745099352
1,0,400,5800,0.4,sem,ab,0,0.769503546099,0.74224137931,0.683908045977,0.731884323796
1,0,400,5800,0.4,sem,Lab,0,0.91452991453,0.909090909091,0.693181818182,0.838934213934
1,0,400,5800,0.4,sem,ab,1,0.769503546099,0.74224137931,0.683908045977,0.731884323796
1,0,400,5800,0.4,sem,Lab,1,0.875,0.855875831486,0.693181818182,0.808019216556
1,0,400,5800,0.4,sem,ab,2,0.769503546099,0.74224137931,0.683908045977,0.731884323796
1,0,400,5800,0.4,sem,Lab,2,0.91452991453,0.916756756757,0.670520231214,0.833935634167
1,0,400,5800,0.4,campo,ab,0,0.76198630137,0.0406711908525,0.650862068966,0.484506520396
1,0,400,5800,0.4,campo,Lab,0,0.897177419355,0.680124223602,0.648148148148,0.741816597035
1,0,400,5800,0.4,campo,ab,1,0.758091993186,0.0398603301288,0.645299145299,0.481083822871
1,0,400,5800,0.4,campo,Lab,1,0.874263261297,0.688239936859,0.625570776256,0.72935799147
1,0,400,5800,0.4,campo,ab,2,0.76198630137,0.0404525513738,0.688172043011,0.496870298585
1,0,400,5800,0.4,campo,Lab,2,0.875984251969,0.642437591777,0.682795698925,0.73373918089
1,0,400,5800,1.0,sem,ab,0,0.762295081967,0.159723485538,0.637130801688,0.519716456398
1,0,400,5800,1.0,sem,Lab,0,0.854779411765,0.711616571893,0.643192488263,0.73652949064
1,0,400,5800,1.0,sem,ab,1,0.775,0.16502088872,0.651982378855,0.530667755858
1,0,400,5800,1.0,sem,Lab,1,0.874060150376,0.899176954733,0.632034632035,0.801757245714
1,0,400,5800,1.0,sem,ab,2,0.776293823038,0.159744990893,0.632478632479,0.522839148803
1,0,400,5800,1.0,sem,Lab,2,0.920792079208,0.886868686869,0.643192488263,0.81695108478
1,0,400,5800,1.0,campo,ab,0,0.758561643836,0.0396632450927,0.646288209607,0.481504366178
1,0,400,5800,1.0,campo,Lab,0,0.855212355212,0.676970633694,0.649289099526,0.727157362811
1,0,400,5800,1.0,campo,ab,1,0.753401360544,0.0404394792725,0.689839572193,0.494560137336
1,0,400,5800,1.0,campo,Lab,1,0.89314516129,0.690909090909,0.665094339623,0.749716197274
1,0,400,5800,1.0,campo,ab,2,0.757264957265,0.0396896987191,0.65625,0.484401551995
1,0,400,5800,1.0,campo,Lab,2,0.891348088531,0.643382352941,0.63133640553,0.722022282334
1,0,400,5800,1.5,sem,ab,0,0.740858505564,0.0451045676829,0.642857142857,0.476273405368
1,0,400,5800,1.5,sem,Lab,0,0.829181494662,0.465731246627,0.632034632035,0.642315791108
1,0,400,5800,1.5,sem,ab,1,0.756493506494,0.0451757122063,0.647577092511,0.483082103737
1,0,400,5800,1.5,sem,Lab,1,0.760195758564,0.262270400482,0.637554585153,0.553340248066
1,0,400,5800,1.5,sem,ab,2,0.74322169059,0.0453238538345,0.707317073171,0.498620872532
1,0,400,5800,1.5,sem,Lab,2,0.901353965184,0.485827664399,0.626086956522,0.671089528702
1,0,400,5800,1.5,campo,ab,0,0.730263157895,0.037754446111,0.662162162162,0.476726588723
1,0,400,5800,1.5,campo,Lab,0,0.83615819209,0.424491771539,0.644736842105,0.635128935245
1,0,400,5800,1.5,campo,ab,1,0.775438596491,0.0381669365781,0.677130044843,0.496911859304
1,0,400,5800,1.5,campo,Lab,1,0.86213592233,0.574720210665,0.64192139738,0.692925843458
1,0,400,5800,1.5,campo,ab,2,0.75,0.0381402265669,0.71,0.499380075522
1,0,400,5800,1.5,campo,Lab,2,0.847328244275,0.712271973466,0.651982378855,0.737194198865
1,0,600,4200,0.4,sem,ab,0,0.74126984127,0.0,0.663316582915,0.468195474728
1,0,600,4200,0.4,sem,Lab,0,0.890985324948,0.0,0.597222222222,0.49606918239
1,0,600,4200,0.4,sem,ab,1,0.780936454849,0.0,0.686813186813,0.489249880554
1,0,600,4200,0.4,sem,Lab,1,0.8875,0.0,0.599056603774,0.495518867925
1,0,600,4200,0.4,sem,ab,2,0.780936454849,0.0,0.664974619289,0.481970358046
1,0,600,4200,0.4,sem,Lab,2,0.8875,0.0,0.683333333333,0.523611111111
1,0,600,4200,0.4,campo,ab,0,0.756849315068,0.031847596888,0.642553191489,0.477083367815
1,0,600,4200,0.4,campo,Lab,0,0.891129032258,0.581134564644,0.649289099526,0.707184232143
1,0,600,4200,0.4,campo,ab,1,0.756849315068,0.032475467506,0.672727272727,0.487350685101
1,0,600,4200,0.4,campo,Lab,1,0.891129032258,0.644852941176,0.655963302752,0.730648425396
1,0,600,4200,0.4,campo,ab,2,0.759450171821,0.0323570741809,0.675126903553,0.488978049852
1,0,600,4200,0.4,campo,Lab,2,0.891129032258,0.650817236256,0.645933014354,0.729293094289
1,0,600,4200,1.0,sem,ab,0,0.602580645161,0.192518248175,0.655021834061,0.483373575799
1,0,600,4200,1.0,sem,Lab,0,0.687776141384,0.602880658436,0.625,0.638552266607
1,0,600,4200,1.0,sem,ab,1,0.612860892388,0.172760511883,0.629787234043,0.471802879438
1,0,600,4200,1.0,sem,Lab,1,0.682748538012,0.573947110676,0.625,0.627231882896
1,0,600,4200,1.0,sem,ab,2,0.620185922975,0.0432382704692,0.625,0.429474731148
1,0,600,4200,1.0,sem,Lab,2,0.682748538012,0.572265625,0.625,0.626671387671
1,0,600,4200,1.0,campo,ab,0,0.752122241087,0.037346877801,0.668292682927,0.485920600605
1,0,600,4200,1.0,campo,Lab,0,0.856866537718,0.655873493976,0.637554585153,0.716764872282
1,0,600,4200,1.0,campo,ab,1,0.755972696246,0.0373147043789,0.639269406393,0.477518935672
1,0,600,4200,1.0,campo,Lab,1,0.89314516129,0.509248554913,0.625,0.675797905401
1,0,600,4200,1.0,campo,ab,2,0.750847457627,0.0372069317023,0.681818181818,0.489957523716
1,0,600,4200,1.0,campo,Lab,2,0.89314516129,0.688731284476,0.618834080717,0.733570175495
1,0,600,4200,1.5,sem,ab,0,0.346696362287,0.68962510898,0.603238866397,0.546520112554
1,0,600,4200,1.5,sem,Lab,0,0.372408293461,0.694468832309,0.652173913043,0.573017012938
1,0,600,4200,1.5,sem,ab,1,0.346696362287,0.68962510898,0.600806451613,0.545709307626
1,0,600,4200,1.5,sem,Lab,1,0.364274570983,0.693859649123,0.652173913043,0.57010271105
1,0,600,4200,1.5,sem,ab,2,0.346696362287,0.68962510898,0.588932806324,0.541751425864
1,0,600,4200,1.5,sem,Lab,2,0.373899119295,0.783944499504,0.5859375,0.581260372933
1,0,600,4200,1.5,campo,ab,0,0.745393634841,0.0357521834952,0.699530516432,0.493558778256
1,0,600,4200,1.5,campo,Lab,0,0.8953722334,0.667947732513,0.657894736842,0.740404900919
1,0,600,4200,1.5,campo,ab,1,0.723577235772,0.0350258485954,0.632231404959,0.463611496442
1,0,600,4200,1.5,campo,Lab,1,0.89,0.68824940048,0.631578947368,0.736609449283
1,0,600,4200,1.5,campo,ab,2,0.740432612313,0.0352855876903,0.674107142857,0.483275114287
1,0,600,4200,1.5,campo,Lab,2,0.897177419355,0.59186440678,0.663716814159,0.717586213431
1,0,600,5000,0.4,sem,ab,0,0.793760831889,0.430018416206,0.685082872928,0.636287373675
1,0,600,5000,0.4,sem,Lab,0,0.846481876333,0.0,0.691011235955,0.512497704096
1,0,600,5000,0.4,sem,ab,1,0.805653710247,0.43146274149,0.685082872928,0.640733108222
1,0,600,5000,0.4,sem,Lab,1,0.824411134904,0.0,0.687150837989,0.503853990964
1,0,600,5000,0.4,sem,ab,2,0.792387543253,0.430018416206,0.683333333333,0.635246430931
1,0,600,5000,0.4,sem,Lab,2,0.854389721627,0.0,0.683333333333,0.512574351654
1,0,600,5000,0.4,campo,ab,0,0.752122241087,0.0343839541547,0.693121693122,0.493209296121
1,0,600,5000,0.4,campo,Lab,0,0.891348088531,0.665900383142,0.647619047619,0.734955839764
1,0,600,5000,0.4,campo,ab,1,0.755972696246,0.0339519271577,0.704918032787,0.498280885397
1,0,600,5000,0.4,campo,Lab,1,0.89314516129,0.59670781893,0.647619047619,0.712490675946
1,0,600,5000,0.4,campo,ab,2,0.75468483816,0.0344530239486,0.703703703704,0.497613855271
1,0,600,5000,0.4,campo,Lab,2,0.860194174757,0.655922038981,0.658986175115,0.725034129618
1,0,600,5000,1.0,sem,ab,0,0.761827079935,0.664869029276,0.637130801688,0.687942303633
1,0,600,5000,1.0,sem,Lab,0,0.847549909256,0.803738317757,0.628691983122,0.759993403378
1,0,600,5000,1.0,sem,ab,1,0.763071895425,0.677394034537,0.637130801688,0.692532243883
1,0,600,5000,1.0,sem,Lab,1,0.860036832413,0.794090489381,0.634042553191,0.762723291662
1,0,600,5000,1.0,sem,ab,2,0.761827079935,0.664869029276,0.637130801688,0.687942303633
1,0,600,5000,1.0,sem,Lab,2,0.853747714808,0.784741144414,0.634042553191,0.757510470805
1,0,600,5000,1.0,campo,ab,0,0.741176470588,0.0377668308703,0.700534759358,0.493159353606
1,0,600,5000,1.0,campo,Lab,0,0.856310679612,0.681959564541,0.649038461538,0.729102901897
1,0,600,5000,1.0,campo,ab,1,0.744932432432,0.0377781611178,0.689473684211,0.490728092587
1,0,600,5000,1.0,campo,Lab,1,0.889112903226,0.668449197861,0.644549763033,0.73403728804
1,0,600,5000,1.0,campo,ab,2,0.741176470588,0.0377025163737,0.635983263598,0.471620750187
1,0,600,5000,1.0,campo,Lab,2,0.889112903226,0.621331424481,0.630630630631,0.713691652779
1,0,600,5000,1.5,sem,ab,0,0.719568567026,0.372022520572,0.660714285714,0.584101791104
1,0,600,5000,1.5,sem,Lab,0,0.813588850174,0.602910602911,0.637931034483,0.684810162523
1,0,600,5000,1.5,sem,ab,1,0.711890243902,0.371379161262,0.671111111111,0.584793505425
1,0,600,5000,1.5,sem,Lab,1,0.736593059937,0.747589833479,0.644736842105,0.709639911841
1,0,600,5000,1.5,sem,ab,2,0.716257668712,0.373315949587,0.625,0.571524539433
1,0,600,5000,1.5,sem,Lab,2,0.736593059937,0.759405074366,0.647577092511,0.714525075605
1,0,600,5000,1.5,campo,ab,0,0.752122241087,0.0375842962072,0.679425837321,0.489710791538
1,0,600,5000,1.5,campo,Lab,0,0.851923076923,0.640059127864,0.633620689655,0.708534298147
1,0,600,5000,1.5,campo,ab,1,0.742043551089,0.037460888946,0.683257918552,0.487587452862
1,0,600,5000,1.5,campo,Lab,1,0.891348088531,0.665648854962,0.646017699115,0.734338214203
1,0,600,5000,1.5,campo,ab,2,0.748310810811,0.0377082346864,0.665198237885,0.483739094461
1,0,600,5000,1.5,campo,Lab,2,0.894949494949,0.573107049608,0.656387665198,0.708148069919
1,0,600,5800,0.4,sem,ab,0,0.78018018018,0.743944636678,0.666666666667,0.730263827842
1,0,600,5800,0.4,sem,Lab,0,0.916488222698,0.907150480256,0.654822335025,0.826153679327
1,0,600,5800,0.4,sem,ab,1,0.78018018018,0.753751103266,0.688118811881,0.740683365109
1,0,600,5800,0.4,sem,Lab,1,0.916488222698,0.885496183206,0.683333333333,0.828439246413
1,0,600,5800,0.4,sem,ab,2,0.78018018018,0.743944636678,0.666666666667,0.730263827842
1,0,600,5800,0.4,sem,Lab,2,0.912205567452,0.843400447427,0.677777777778,0.811127930886
1,0,600,5800,0.4,campo,ab,0,0.751700680272,0.0366590293689,0.685863874346,0.491407861329
1,0,600,5800,0.4,campo,Lab,0,0.858252427184,0.644017725258,0.639269406393,0.713846519612
1,0,600,5800,0.4,campo,ab,1,0.745362563238,0.0366533533034,0.6875,0.489838638847
1,0,600,5800,0.4,campo,Lab,1,0.884,0.582504970179,0.657276995305,0.707927321828
1,0,600,5800,0.4,campo,ab,2,0.769230769231,0.0367049009385,0.634453781513,0.480129817227
1,0,600,5800,0.4,campo,Lab,2,0.864970645793,0.692430278884,0.637614678899,0.731671867859
1,0,600,5800,1.0,sem,ab,0,0.771666666667,0.147068676717,0.637931034483,0.518888792622
1,0,600,5800,1.0,sem,Lab,0,0.933467741935,0.846228239845,0.644549763033,0.808081914938
1,0,600,5800,1.0,sem,ab,1,0.771666666667,0.146749122514,0.635193133047,0.517869640743
1,0,600,5800,1.0,sem,Lab,1,0.927855711423,0.900212314225,0.647619047619,0.825229024422
1,0,600,5800,1.0,sem,ab,2,0.766556291391,0.149766799102,0.668341708543,0.528221599678
1,0,600,5800,1.0,sem,Lab,2,0.933467741935,0.893347412883,0.652380952381,0.8263987024
1,0,600,5800,1.0,campo,ab,0,0.755972696246,0.0369526702101,0.658291457286,0.483738941247
1,0,600,5800,1.0,campo,Lab,0,0.877227722772,0.600823045267,0.645631067961,0.707893945334
1,0,600,5800,1.0,campo,ab,1,0.75468483816,0.0369247610627,0.674107142857,0.48857224736
1,0,600,5800,1.0,campo,Lab,1,0.884231536926,0.664893617021,0.636363636364,0.728496263437
1,0,600,5800,1.0,campo,ab,2,0.75468483816,0.0371233631394,0.618421052632,0.470076417977
1,0,600,5800,1.0,campo,Lab,2,0.89837398374,0.682850430697,0.630630630631,0.737285015022
1,0,600,5800,1.5,sem,ab,0,0.751612903226,0.0433518892556,0.682464454976,0.492476415819
1,0,600,5800,1.5,sem,Lab,0,0.899613899614,0.511545293073,0.628820960699,0.679993384462
1,0,600,5800,1.5,sem,ab,1,0.747993579454,0.0435436941908,0.648648648649,0.480061974098
1,0,600,5800,1.5,sem,Lab,1,0.901353965184,0.518382352941,0.633187772926,0.68430803035
1,0,600,5800,1.5,sem,ab,2,0.762684124386,0.0434324161478,0.619246861925,0.475121134153
1,0,600,5800,1.5,sem,Lab,2,0.874296435272,0.440506329114,0.632743362832,0.649182042406
1,0,600,5800,1.5,campo,ab,0,0.747048903879,0.0360927152318,0.649769585253,0.477637068121
1,0,600,5800,1.5,campo,Lab,0,0.866927592955,0.717863105175,0.65625,0.747013566043
1,0,600,5800,1.5,campo,ab,1,0.743288590604,0.0360907850676,0.637554585153,0.472311320275
1,0,600,5800,1.5,campo,Lab,1,0.89314516129,0.504088785047,0.633187772926,0.676807239754
1,0,600,5800,1.5,campo,ab,2,0.744537815126,0.0360401271519,0.644144144144,0.474907362141
1,0,600,5800,1.5,campo,Lab,2,0.889558232932,0.839215686275,0.627192982456,0.785322300554
1,0,800,4200,0.4,sem,ab,0,0.774461028192,0.0010593220339,0.649289099526,0.474936483251
1,0,800,4200,0.4,sem,Lab,0,0.890792291221,0.0,0.679775280899,0.52352252404
1,0,800,4200,0.4,sem,ab,1,0.774461028192,0.0010593220339,0.67,0.481840116742
1,0,800,4200,0.4,sem,Lab,1,0.878205128205,0.0,0.683615819209,0.520606982471
1,0,800,4200,0.4,sem,ab,2,0.765573770492,0.0010593220339,0.663366336634,0.476666476386
1,0,800,4200,0.4,sem,Lab,2,0.886597938144,0.0,0.60663507109,0.497744336411
1,0,800,4200,0.4,campo,ab,0,0.751689189189,0.0418497993503,0.660098522167,0.484545836902
1,0,800,4200,0.4,campo,Lab,0,0.849236641221,0.661081492765,0.647619047619,0.719312393868
1,0,800,4200,0.4,campo,ab,1,0.746644295302,0.0411593931448,0.637130801688,0.474978163378
1,0,800,4200,0.4,campo,Lab,1,0.897177419355,0.65393258427,0.661904761905,0.73767158851
1,0,800,4200,0.4,campo,ab,2,0.751689189189,0.0417819326529,0.712765957447,0.50207902643
1,0,800,4200,0.4,campo,Lab,2,0.897177419355,0.573298429319,0.631818181818,0.700764676831
1,0,800,4200,1.0,sem,ab,0,0.600257069409,0.545119705341,0.61316872428,0.58618183301
1,0,800,4200,1.0,sem,Lab,0,0.665242165242,0.63141025641,0.609561752988,0.63540472488
1,0,800,4200,1.0,sem,ab,1,0.600257069409,0.545119705341,0.618257261411,0.587878012053
1,0,800,4200,1.0,sem,Lab,1,0.659604519774,0.0104058272633,0.615702479339,0.428570942125
1,0,800,4200,1.0,sem,ab,2,0.585947302384,0.214087117702,0.600806451613,0.466946957233
1,0,800,4200,1.0,sem,Lab,2,0.695976154993,0.00726895119418,0.610441767068,0.437895624418
1,0,800,4200,1.0,campo,ab,0,0.748310810811,0.0419680927514,0.702127659574,0.497468854379
1,0,800,4200,1.0,campo,Lab,0,0.89314516129,0.587801608579,0.626168224299,0.702371664723
1,0,800,4200,1.0,campo,ab,1,0.749576988156,0.0420139886941,0.678899082569,0.49016335314
1,0,800,4200,1.0,campo,Lab,1,0.894949494949,0.660091047041,0.628318584071,0.727786375354
1,0,800,4200,1.0,campo,ab,2,0.750847457627,0.0421735994229,0.663461538462,0.485494198504
1,0,800,4200,1.0,campo,Lab,2,0.821892393321,0.622857142857,0.625,0.689916512059
1,0,800,4200,1.5,sem,ab,0,0.337916063676,0.691368788143,0.573643410853,0.534309420891
1,0,800,4200,1.5,sem,Lab,0,0.360061680802,0.77140077821,0.645021645022,0.592161368011
1,0,800,4200,1.5,sem,ab,1,0.330035335689,0.691368788143,0.573529411765,0.531644511866
1,0,800,4200,1.5,sem,Lab,1,0.363424124514,0.77140077821,0.645021645022,0.593282182582
1,0,800,4200,1.5,sem,ab,2,0.338896952104,0.690165361184,0.573643410853,0.53423524138
1,0,800,4200,1.5,sem,Lab,2,0.370929308975,0.698678414097,0.64224137931,0.570616367461
1,0,800,4200,1.5,campo,ab,0,0.737623762376,0.0360865087539,0.647826086957,0.473845452696
1,0,800,4200,1.5,campo,Lab,0,0.861271676301,0.427507447865,0.665178571429,0.651319231865
1,0,800,4200,1.5,campo,ab,1,0.736408566722,0.0359163591636,0.662222222222,0.478182382702
1,0,800,4200,1.5,campo,Lab,1,0.866279069767,0.551461245235,0.668161434978,0.695300583327
1,0,800,4200,1.5,campo,ab,2,0.735197368421,0.0361237113402,0.645021645022,0.472114241594
1,0,800,4200,1.5,campo,Lab,2,0.904858299595,0.670015455951,0.628691983122,0.734521912889
1,0,800,5000,0.4,sem,ab,0,0.783876500858,0.453345900094,0.661691542289,0.632971314413
1,0,800,5000,0.4,sem,Lab,0,0.895074946467,0.0,0.685393258427,0.526822734965
1,0,800,5000,0.4,sem,ab,1,0.785223367698,0.453345900094,0.673366834171,0.637312033988
1,0,800,5000,0.4,sem,Lab,1,0.895074946467,0.0,0.681818181818,0.525631042762
1,0,800,5000,0.4,sem,ab,2,0.802816901408,0.453773584906,0.700564971751,0.652385152689
1,0,800,5000,0.4,sem,Lab,2,0.886509635974,0.0,0.681818181818,0.522775939264
1,0,800,5000,0.4,campo,ab,0,0.747899159664,0.0425759416768,0.626556016598,0.472343705979
1,0,800,5000,0.4,campo,Lab,0,0.859073359073,0.607463718037,0.630630630631,0.69905590258
1,0,800,5000,0.4,campo,ab,1,0.742904841402,0.0421863712979,0.629166666667,0.471419293122
1,0,800,5000,0.4,campo,Lab,1,0.797491039427,0.659848484848,0.628440366972,0.695259963749
1,0,800,5000,0.4,campo,ab,2,0.747899159664,0.0423679628555,0.633333333333,0.474533485284
1,0,800,5000,0.4,campo,Lab,2,0.857418111753,0.661363636364,0.640552995392,0.719778247836
1,0,800,5000,1.0,sem,ab,0,0.75,0.66006097561,0.618257261411,0.676106079007
1,0,800,5000,1.0,sem,Lab,0,0.828014184397,0.757255936675,0.621848739496,0.735706286856
1,0,800,5000,1.0,sem,ab,1,0.728549141966,0.661314984709,0.669642857143,0.686502327939
1,0,800,5000,1.0,sem,Lab,1,0.828014184397,0.752166377816,0.628691983122,0.736290848445
1,0,800,5000,1.0,sem,ab,2,0.735433070866,0.672131147541,0.623430962343,0.676998393583
1,0,800,5000,1.0,sem,Lab,2,0.844484629295,0.834462729913,0.623430962343,0.767459440517
1,0,800,5000,1.0,campo,ab,0,0.745791245791,0.0434438004656,0.666666666667,0.485300570975
1,0,800,5000,1.0,campo,Lab,0,0.89314516129,0.644804716286,0.650485436893,0.729478438156
1,0,800,5000,1.0,campo,ab,1,0.745791245791,0.0434007134364,0.713513513514,0.500901824247
1,0,800,5000,1.0,campo,Lab,1,0.89314516129,0.601915184679,0.626126126126,0.707062157365
1,0,800,5000,1.0,campo,ab,2,0.745791245791,0.0434481050285,0.675126903553,0.488122084791
1,0,800,5000,1.0,campo,Lab,2,0.853564547206,0.662878787879,0.638009049774,0.718150794953
1,0,800,5000,1.5,sem,ab,0,0.686764705882,0.408,0.676056338028,0.590273681304
1,0,800,5000,1.5,sem,Lab,0,0.792869269949,0.824478178368,0.654867256637,0.757404901651
1,0,800,5000,1.5,sem,ab,1,0.689807976366,0.40954180444,0.68691588785,0.595421889552
1,0,800,5000,1.5,sem,Lab,1,0.792869269949,0.597260273973,0.654867256637,0.681665600186
1,0,800,5000,1.5,sem,ab,2,0.685756240822,0.403614457831,0.68202764977,0.590466116141
1,0,800,5000,1.5,sem,Lab,2,0.791525423729,0.825261158594,0.660714285714,0.759166956013
1,0,800,5000,1.5,campo,ab,0,0.733884297521,0.0388068990043,0.671111111111,0.481267435879
1,0,800,5000,1.5,campo,Lab,0,0.898785425101,0.61874559549,0.65350877193,0.72367993084
1,0,800,5000,1.5,campo,ab,1,0.74,0.0388302336882,0.657777777778,0.478869337155
1,0,800,5000,1.5,campo,Lab,1,0.895161290323,0.656488549618,0.65,0.73388327998
1,0,800,5000,1.5,campo,ab,2,0.733884297521,0.0388405539773,0.675799086758,0.482841312752
1,0,800,5000,1.5,campo,Lab,2,0.845714285714,0.557544757033,0.637931034483,0.68039669241
1,0,800,5800,0.4,sem,ab,0,0.767730496454,0.737157534247,0.665,0.723296010233
1,0,800,5800,0.4,sem,Lab,0,0.916488222698,0.919441460795,0.683615819209,0.839848500901
1,0,800,5800,0.4,sem,ab,1,0.767730496454,0.74499564839,0.653179190751,0.721968445198
1,0,800,5800,0.4,sem,Lab,1,0.916488222698,0.889380530973,0.676300578035,0.827389777235
1,0,800,5800,0.4,sem,ab,2,0.766371681416,0.73801369863,0.658959537572,0.721114972539
1,0,800,5800,0.4,sem,Lab,2,0.916488222698,0.859823399558,0.688524590164,0.821612070807
1,0,800,5800,0.4,campo,ab,0,0.75296108291,0.0414890593919,0.697802197802,0.497417446701
1,0,800,5800,0.4,campo,Lab,0,0.877712031558,0.65620328849,0.649746192893,0.727887170981
1,0,800,5800,0.4,campo,ab,1,0.75296108291,0.0414578803063,0.645299145299,0.479906036172
1,0,800,5800,0.4,campo,Lab,1,0.897177419355,0.663388804841,0.650485436893,0.737017220363
1,0,800,5800,0.4,campo,ab,2,0.75296108291,0.0414150943396,0.675531914894,0.489969364048
1,0,800,5800,0.4,campo,Lab,2,0.897177419355,0.660619803477,0.663366336634,0.740387853155
1,0,800,5800,1.0,sem,ab,0,0.755700325733,0.167210597044,0.632911392405,0.518607438394
1,0,800,5800,1.0,sem,Lab,0,0.852941176471,0.689763779528,0.634259259259,0.725654738419
1,0,800,5800,1.0,sem,ab,1,0.755700325733,0.17245508982,0.63025210084,0.519469172131
1,0,800,5800,1.0,sem,Lab,1,0.931726907631,0.691633466135,0.620833333333,0.748064569033
1,0,800,5800,1.0,sem,ab,2,0.760655737705,0.164573570759,0.649122807018,0.524784038494
1,0,800,5800,1.0,sem,Lab,2,0.931726907631,0.713936430318,0.634259259259,0.759974199069
1,0,800,5800,1.0,campo,ab,0,0.756345177665,0.0411480107098,0.637130801688,0.478207996687
1,0,800,5800,1.0,campo,Lab,0,0.901209677419,0.660348749052,0.655339805825,0.738966077432
1,0,800,5800,1.0,campo,ab,1,0.752525252525,0.0411861614498,0.638655462185,0.477455625387
1,0,800,5800,1.0,campo,Lab,1,0.894,0.647450110865,0.650485436893,0.730645182586
1,0,800,5800,1.0,campo,ab,2,0.753794266442,0.0412772951397,0.695187165775,0.496752909119
1,0,800,5800,1.0,campo,Lab,2,0.90303030303,0.60716747071,0.650485436893,0.720227736878
1,0,800,5800,1.5,sem,ab,0,0.731554160126,0.0465863453815,0.650655021834,0.47626517578
1,0,800,5800,1.5,sem,Lab,0,0.904854368932,0.408163265306,0.65,0.654339211413
1,0,800,5800,1.5,sem,ab,1,0.731554160126,0.0466963662713,0.645021645022,0.47442405714
1,0,800,5800,1.5,sem,Lab,1,0.884250474383,0.425943852856,0.629955947137,0.646716758125
1,0,800,5800,1.5,sem,ab,2,0.731554160126,0.0465315291223,0.659292035398,0.479125908215
1,0,800,5800,1.5,sem,Lab,2,0.891013384321,0.481355932203,0.649122807018,0.673830707847
1,0,800,5800,1.5,campo,ab,0,0.737541528239,0.0385143211298,0.642533936652,0.472863262007
1,0,800,5800,1.5,campo,Lab,0,0.89696969697,0.426542605289,0.620535714286,0.648016005515
1,0,800,5800,1.5,campo,ab,1,0.74,0.0386406991704,0.65625,0.478296899723
1,0,800,5800,1.5,campo,Lab,1,0.89696969697,0.476605005441,0.651982378855,0.675185693755
1,0,800,5800,1.5,campo,ab,2,0.731466227348,0.0383385181615,0.688679245283,0.486161330264
1,0,800,5800,1.5,campo,Lab,2,0.893360160966,0.655455904335,0.646288209607,0.731701424969
1,1,0,4200,0.4,sem,ab,0,0.817555938038,0.00797872340426,0.538461538462,0.454665399968
1,1,0,4200,0.4,sem,Lab,0,0.862385321101,0.0,0.445161290323,0.435848870474
1,1,0,4200,0.4,sem,ab,1,0.816852966466,0.00797872340426,0.538461538462,0.454431076111
1,1,0,4200,0.4,sem,Lab,1,0.864424057085,0.0,0.459459459459,0.441294505515
1,1,0,4200,0.4,sem,ab,2,0.814053127678,0.00797872340426,0.538461538462,0.453497796515
1,1,0,4200,0.4,sem,Lab,2,0.867147270855,0.0,0.445161290323,0.437436187059
1,1,0,4200,0.4,campo,ab,0,0.831834532374,0.371614301192,0.521126760563,0.574858531376
1,1,0,4200,0.4,campo,Lab,0,0.870786516854,0.695740365112,0.386597938144,0.651041606703
1,1,0,4200,0.4,campo,ab,1,0.830615942029,0.368421052632,0.524822695035,0.574619896565
1,1,0,4200,0.4,campo,Lab,1,0.869971936389,0.515789473684,0.398936170213,0.594899193429
1,1,0,4200,0.4,campo,ab,2,0.832123411978,0.368025751073,0.524822695035,0.574990619362
1,1,0,4200,0.4,campo,Lab,2,0.867537313433,0.559543230016,0.352112676056,0.593064406502
1,1,0,4200,1.0,sem,ab,0,0.492227979275,0.0,0.462962962963,0.318396980746
1,1,0,4200,1.0,sem,Lab,0,0.732818532819,0.0,0.403141361257,0.378653298025
1,1,0,4200,1.0,sem,ab,1,0.5174291939,0.762124711316,0.462962962963,0.58083895606
1,1,0,4200,1.0,sem,Lab,1,0.679799426934,0.0,0.401041666667,0.360280364534
1,1,0,4200,1.0,sem,ab,2,0.492227979275,0.0,0.451807228916,0.31467840273
1,1,0,4200,1.0,sem,Lab,2,0.678341672623,0.0,0.403141361257,0.360494344627
1,1,0,4200,1.0,campo,ab,0,0.839596700275,0.477715877437,0.429378531073,0.582230369595
1,1,0,4200,1.0,campo,Lab,0,0.873120300752,0.694331983806,0.426966292135,0.664806192231
1,1,0,4200,1.0,campo,ab,1,0.842440801457,0.368025751073,0.431818181818,0.547428244783
1,1,0,4200,1.0,campo,Lab,1,0.909359605911,0.519696969697,0.426966292135,0.618674289248
1,1,0,4200,1.0,campo,ab,2,0.834080717489,0.475069252078,0.431818181818,0.580322717128
1,1,0,4200,1.0,campo,Lab,2,0.87641509434,0.51656626506,0.426966292135,0.606649217178
1,1,0,4200,1.5,sem,ab,0,0.347095359883,0.710359408034,0.532467532468,0.529974100128
1,1,0,4200,1.5,sem,Lab,0,0.382293762575,0.0,0.291095890411,0.224463217662
1,1,0,4200,1.5,sem,ab,1,0.369980506823,0.718340611354,0.421568627451,0.503296581876
1,1,0,4200,1.5,sem,Lab,1,0.387346938776,0.0,0.283333333333,0.223560090703
1,1,0,4200,1.5,sem,ab,2,0.35543071161,0.0,0.468208092486,0.274546268032
1,1,0,4200,1.5,sem,Lab,2,0.380360721443,0.0,0.421568627451,0.267309782965
1,1,0,4200,1.5,campo,ab,0,0.746221161496,0.425558312655,0.5375,0.569759824717
1,1,0,4200,1.5,campo,Lab,0,0.775646371977,0.573578595318,0.522012578616,0.623745848637
1,1,0,4200,1.5,campo,ab,1,0.781772575251,0.33268671193,0.534161490683,0.549540259288
1,1,0,4200,1.5,campo,Lab,1,0.853102189781,0.645038167939,0.546052631579,0.6813976631
1,1,0,4200,1.5,campo,ab,2,0.74601910828,0.327290076336,0.562913907285,0.5454076973
1,1,0,4200,1.5,campo,Lab,2,0.775919732441,0.49,0.535483870968,0.600467867803
1,1,0,5000,0.4,sem,ab,0,0.861909175162,0.728606356968,0.555555555556,0.715357029229
1,1,0,5000,0.4,sem,Lab,0,0.803699897225,0.0,0.552845528455,0.45218180856
1,1,0,5000,0.4,sem,ab,1,0.851548269581,0.728606356968,0.522388059701,0.700847562084
1,1,0,5000,0.4,sem,Lab,1,0.820408163265,0.0,0.548387096774,0.45626508668
1,1,0,5000,0.4,sem,ab,2,0.848457350272,0.728606356968,0.518518518519,0.698527408586
1,1,0,5000,0.4,sem,Lab,2,0.823108384458,0.0,0.548387096774,0.457165160411
1,1,0,5000,0.4,campo,ab,0,0.828959276018,0.377337733773,0.503546099291,0.569947703027
1,1,0,5000,0.4,campo,Lab,0,0.882296650718,0.530959752322,0.396825396825,0.603360599955
1,1,0,5000,0.4,campo,ab,1,0.820264317181,0.376923076923,0.507142857143,0.568110083749
1,1,0,5000,0.4,campo,Lab,1,0.869158878505,0.636363636364,0.403225806452,0.63624944044
1,1,0,5000,0.4,campo,ab,2,0.831087151842,0.379424778761,0.507142857143,0.572551595915
1,1,0,5000,0.4,campo,Lab,2,0.87160262418,0.527692307692,0.360576923077,0.58662395165
1,1,0,5000,1.0,sem,ab,0,0.795302013423,0.682,0.542635658915,0.673312557446
1,1,0,5000,1.0,sem,Lab,0,0.844306049822,0.857881136951,0.402116402116,0.70143452963
1,1,0,5000,1.0,sem,ab,1,0.785773366419,0.683366733467,0.503496503497,0.657545534461
1,1,0,5000,1.0,sem,Lab,1,0.843555555556,0.830508474576,0.389908256881,0.687990762338
1,1,0,5000,1.0,sem,ab,2,0.793624161074,0.681724845996,0.503496503497,0.659615170189
1,1,0,5000,1.0,sem,Lab,2,0.835532102023,0.856783919598,0.389908256881,0.694074759501
1,1,0,5000,1.0,campo,ab,0,0.826086956522,0.377753303965,0.506666666667,0.570168975718
1,1,0,5000,1.0,campo,Lab,0,0.87323943662,0.639925373134,0.412087912088,0.641750907281
1,1,0,5000,1.0,campo,ab,1,0.831368993654,0.492109038737,0.434285714286,0.585921248892
1,1,0,5000,1.0,campo,Lab,1,0.890067502411,0.7,0.409836065574,0.666634522662
1,1,0,5000,1.0,campo,ab,2,0.831368993654,0.379424778761,0.513513513514,0.574769095309
1,1,0,5000,1.0,campo,Lab,2,0.872420262664,0.691532258065,0.412087912088,0.658680144272
1,1,0,5000,1.5,sem,ab,0,0.755627009646,0.630393996248,0.449735449735,0.611918818543
1,1,0,5000,1.5,sem,Lab,0,0.807659574468,0.846733668342,0.448648648649,0.701013963819
1,1,0,5000,1.5,sem,ab,1,0.706319702602,0.607843137255,0.463414634146,0.592525824668
1,1,0,5000,1.5,sem,Lab,1,0.814592274678,0.860759493671,0.448648648649,0.708000138999
1,1,0,5000,1.5,sem,ab,2,0.712997746056,0.630393996248,0.454545454545,0.59931239895
1,1,0,5000,1.5,sem,Lab,2,0.805602716469,0.822541966427,0.392857142857,0.673667275251
1,1,0,5000,1.5,campo,ab,0,0.775476387738,0.362962962963,0.506172839506,0.548204063402
1,1,0,5000,1.5,campo,Lab,0,0.910784313725,0.525267993874,0.462427745665,0.632826684422
1,1,0,5000,1.5,campo,ab,1,0.802744425386,0.469220246238,0.522012578616,0.597992416747
1,1,0,5000,1.5,campo,Lab,1,0.844343891403,0.635849056604,0.462427745665,0.647540231224
1,1,0,5000,1.5,campo,ab,2,0.777408637874,0.362962962963,0.506172839506,0.548848146781
1,1,0,5000,1.5,campo,Lab,2,0.842057761733,0.656920077973,0.516339869281,0.671772569662
1,1,0,5800,0.4,sem,ab,0,0.842790697674,0.748314606742,0.514492753623,0.701866019346
1,1,0,5800,0.4,sem,Lab,0,0.773100616016,0.876315789474,0.0,0.549805468497
1,1,0,5800,0.4,sem,ab,1,0.848314606742,0.748314606742,0.583333333333,0.726654182272
1,1,0,5800,0.4,sem,Lab,1,0.784150156413,0.876315789474,0.55737704918,0.739280998356
1,1,0,5800,0.4,sem,ab,2,0.841225626741,0.748314606742,0.551181102362,0.713573778615
1,1,0,5800,0.4,sem,Lab,2,0.784150156413,0.876315789474,0.55737704918,0.739280998356
1,1,0,5800,0.4,campo,ab,0,0.837862318841,0.371212121212,0.480769230769,0.563281223607
1,1,0,5800,0.4,campo,Lab,0,0.868347338936,0.563218390805,0.353773584906,0.595113104882
1,1,0,5800,0.4,campo,ab,1,0.827555555556,0.480392156863,0.428571428571,0.578839713663
1,1,0,5800,0.4,campo,Lab,1,0.869971936389,0.69014084507,0.403225806452,0.65444619597
1,1,0,5800,0.4,campo,ab,2,0.838621940163,0.371212121212,0.544776119403,0.584870060259
1,1,0,5800,0.4,campo,Lab,2,0.868347338936,0.632841328413,0.353773584906,0.618320750752
1,1,0,5800,1.0,sem,ab,0,0.813793103448,0.5885509839,0.503546099291,0.63529672888
1,1,0,5800,1.0,sem,Lab,0,0.852755194219,0.844783715013,0.342465753425,0.680001554219
1,1,0,5800,1.0,sem,ab,1,0.826584507042,0.537617554859,0.503546099291,0.622582720397
1,1,0,5800,1.0,sem,Lab,1,0.869124423963,0.844783715013,0.394736842105,0.70288166036
1,1,0,5800,1.0,sem,ab,2,0.813793103448,0.5885509839,0.503546099291,0.63529672888
1,1,0,5800,1.0,sem,Lab,2,0.875580315692,0.85101010101,0.407608695652,0.711399704118
1,1,0,5800,1.0,campo,ab,0,0.83125,0.373231773667,0.507042253521,0.570508009063
1,1,0,5800,1.0,campo,Lab,0,0.869971936389,0.522865853659,0.396825396825,0.596554395624
1,1,0,5800,1.0,campo,ab,1,0.841053587648,0.377753303965,0.496503496503,0.571770129372
1,1,0,5800,1.0,campo,Lab,1,0.869971936389,0.691532258065,0.407608695652,0.656370963369
1,1,0,5800,1.0,campo,ab,2,0.841053587648,0.377753303965,0.496503496503,0.571770129372
1,1,0,5800,1.0,campo,Lab,2,0.869971936389,0.677865612648,0.407608695652,0.651815414897
1,1,0,5800,1.5,sem,ab,0,0.827495621716,0.375273522976,0.447513812155,0.550094318949
1,1,0,5800,1.5,sem,Lab,0,0.912487708948,0.507396449704,0.423913043478,0.614599067377
1,1,0,5800,1.5,sem,ab,1,0.811693895099,0.426783479349,0.455555555556,0.564677643335
1,1,0,5800,1.5,sem,Lab,1,0.857918552036,0.519696969697,0.436464088398,0.604693203377
1,1,0,5800,1.5,sem,ab,2,0.828371278459,0.375273522976,0.447513812155,0.55038620453
1,1,0,5800,1.5,sem,Lab,2,0.845535714286,0.518126888218,0.442528735632,0.602063779378
1,1,0,5800,1.5,campo,ab,0,0.848868778281,0.372826086957,0.464285714286,0.561993526508
1,1,0,5800,1.5,campo,Lab,0,0.876520112254,0.537617554859,0.44,0.618045889038
1,1,0,5800,1.5,campo,ab,1,0.800341296928,0.373638344227,0.464285714286,0.546088451814
1,1,0,5800,1.5,campo,Lab,1,0.85296803653,0.535101404056,0.447674418605,0.61191461973
1,1,0,5800,1.5,campo,ab,2,0.800341296928,0.372826086957,0.484472049689,0.552546477858
1,1,0,5800,1.5,campo,Lab,2,0.85296803653,0.539308176101,0.450292397661,0.614189536764
1,1,200,4200,0.4,sem,ab,0,0.820379965458,0.010781671159,0.448051948052,0.426404528223
1,1,200,4200,0.4,sem,Lab,0,0.849740932642,0.0,0.413173652695,0.420971528446
1,1,200,4200,0.4,sem,ab,1,0.80372250423,0.010781671159,0.496402877698,0.436969017696
1,1,200,4200,0.4,sem,Lab,1,0.825331971399,0.0,0.420731707317,0.415354559572
1,1,200,4200,0.4,sem,ab,2,0.808510638298,0.010781671159,0.448051948052,0.422448085836
1,1,200,4200,0.4,sem,Lab,2,0.832139201638,0.0,0.418181818182,0.416773673273
1,1,200,4200,0.4,campo,ab,0,0.83559168925,0.323279924599,0.529411764706,0.562761126185
1,1,200,4200,0.4,campo,Lab,0,0.870665417057,0.668615984405,0.387434554974,0.642238652145
1,1,200,4200,0.4,campo,ab,1,0.832275611967,0.322975517891,0.529411764706,0.561554298188
1,1,200,4200,0.4,campo,Lab,1,0.889103182257,0.684630738523,0.371134020619,0.648289313799
1,1,200,4200,0.4,campo,ab,2,0.83559168925,0.323279924599,0.517985611511,0.558952408453
1,1,200,4200,0.4,campo,Lab,2,0.865546218487,0.668615984405,0.398907103825,0.644356435573
1,1,200,4200,1.0,sem,ab,0,0.629973474801,0.0,0.440476190476,0.356816555092
1,1,200,4200,1.0,sem,Lab,0,0.688179840464,0.0,0.271875,0.320018280155
1,1,200,4200,1.0,sem,ab,1,0.629973474801,0.0,0.440476190476,0.356816555092
1,1,200,4200,1.0,sem,Lab,1,0.695524578136,0.859375,0.271028037383,0.608642538507
1,1,200,4200,1.0,sem,ab,2,0.518842162753,0.746543778802,0.440476190476,0.568620710677
1,1,200,4200,1.0,sem,Lab,2,0.70066518847,0.8671875,0.263636363636,0.610496350702
1,1,200,4200,1.0,campo,ab,0,0.834254143646,0.332364341085,0.4375,0.534706161577
1,1,200,4200,1.0,campo,Lab,0,0.877242681775,0.677865612648,0.409836065574,0.654981453332
1,1,200,4200,1.0,campo,ab,1,0.840867992767,0.332042594385,0.525547445255,0.566152677469
1,1,200,4200,1.0,campo,Lab,1,0.865921787709,0.608156028369,0.409836065574,0.627971293884
1,1,200,4200,1.0,campo,ab,2,0.843920145191,0.332042594385,0.425414364641,0.533792368072
1,1,200,4200,1.0,campo,Lab,2,0.904109589041,0.686,0.409836065574,0.666648551538
1,1,200,4200,1.5,sem,ab,0,0.353576751118,0.701461377871,0.5,0.518346042996
1,1,200,4200,1.5,sem,Lab,0,0.399747262005,0.0,0.43216080402,0.277302688675
1,1,200,4200,1.5,sem,ab,1,0.352919300855,0.698744769874,0.5,0.51722135691
1,1,200,4200,1.5,sem,Lab,1,0.452983293556,0.0,0.434343434343,0.295775575967
1,1,200,4200,1.5,sem,ab,2,0.41641070645,0.698744769874,0.424390243902,0.513181906742
1,1,200,4200,1.5,sem,Lab,2,0.398739495798,0.0,0.434343434343,0.277694310047
1,1,200,4200,1.5,campo,ab,0,0.770237121832,0.407847800238,0.5,0.55936164069
1,1,200,4200,1.5,campo,Lab,0,0.776852622814,0.494236311239,0.525,0.598696311351
1,1,200,4200,1.5,campo,ab,1,0.767100977199,0.300087489064,0.505882352941,0.524356939735
1,1,200,4200,1.5,campo,Lab,1,0.850948509485,0.625231910946,0.521739130435,0.665973183622
1,1,200,4200,1.5,campo,ab,2,0.767100977199,0.300087489064,0.494252873563,0.520480446609
1,1,200,4200,1.5,campo,Lab,2,0.77518734388,0.494236311239,0.512195121951,0.59387292569
1,1,200,5000,0.4,sem,ab,0,0.836168307968,0.684964200477,0.522727272727,0.681286593724
1,1,200,5000,0.4,sem,Lab,0,0.79387755102,0.0,0.448051948052,0.413976499691
1,1,200,5000,0.4,sem,ab,1,0.851412944394,0.684964200477,0.514492753623,0.683623299498
1,1,200,5000,0.4,sem,Lab,1,0.791836734694,0.0,0.389189189189,0.393675307961
1,1,200,5000,0.4,sem,ab,2,0.842960288809,0.684964200477,0.518796992481,0.682240493922
1,1,200,5000,0.4,sem,Lab,2,0.796923076923,0.0,0.539682539683,0.445535205535
1,1,200,5000,0.4,campo,ab,0,0.830357142857,0.332042594385,0.521739130435,0.561379622559
1,1,200,5000,0.4,campo,Lab,0,0.869850187266,0.671232876712,0.398907103825,0.646663389268
1,1,200,5000,0.4,campo,ab,1,0.832129963899,0.333982473223,0.517730496454,0.561280977859
1,1,200,5000,0.4,campo,Lab,1,0.86741363212,0.691532258065,0.341121495327,0.63335579517
1,1,200,5000,0.4,campo,ab,2,0.83109919571,0.478382147838,0.517730496454,0.609070613334
1,1,200,5000,0.4,campo,Lab,2,0.87148217636,0.676528599606,0.358208955224,0.635406577063
1,1,200,5000,1.0,sem,ab,0,0.784475639967,0.690721649485,0.510638297872,0.661945195775
1,1,200,5000,1.0,sem,Lab,0,0.854185418542,0.853470437018,0.396825396825,0.701493750795
1,1,200,5000,1.0,sem,ab,1,0.796311818944,0.688259109312,0.517985611511,0.667518846589
1,1,200,5000,1.0,sem,Lab,1,0.85265049416,0.853470437018,0.273615635179,0.659912188786
1,1,200,5000,1.0,sem,ab,2,0.798149705635,0.68814968815,0.5,0.662099797928
1,1,200,5000,1.0,sem,Lab,2,0.854185418542,0.853470437018,0.388601036269,0.698752297276
1,1,200,5000,1.0,campo,ab,0,0.822888283379,0.33660451423,0.447058823529,0.535517207046
1,1,200,5000,1.0,campo,Lab,0,0.873120300752,0.672549019608,0.425287356322,0.656985558894
1,1,200,5000,1.0,campo,ab,1,0.820326678766,0.336935166994,0.521126760563,0.559462868774
1,1,200,5000,1.0,campo,Lab,1,0.87641509434,0.598603839442,0.431952662722,0.635657198834
1,1,200,5000,1.0,campo,ab,2,0.820652173913,0.336935166994,0.521126760563,0.559571367157
1,1,200,5000,1.0,campo,Lab,2,0.900390625,0.679207920792,0.358208955224,0.645935833672
1,1,200,5000,1.5,sem,ab,0,0.74960254372,0.619666048237,0.44502617801,0.604764923323
1,1,200,5000,1.5,sem,Lab,0,0.806808510638,0.837837837838,0.444444444444,0.69636359764
1,1,200,5000,1.5,sem,ab,1,0.73,0.619666048237,0.446808510638,0.598824852959
1,1,200,5000,1.5,sem,Lab,1,0.820224719101,0.824096385542,0.444444444444,0.696255183029
1,1,200,5000,1.5,sem,ab,2,0.743328100471,0.617216117216,0.449735449735,0.603426555808
1,1,200,5000,1.5,sem,Lab,2,0.809036658142,0.862944162437,0.44385026738,0.705277029319
1,1,200,5000,1.5,campo,ab,0,0.794741306192,0.327290076336,0.474285714286,0.532105698938
1,1,200,5000,1.5,campo,Lab,0,0.916666666667,0.778290993072,0.460227272727,0.718394977489
1,1,200,5000,1.5,campo,ab,1,0.794741306192,0.327290076336,0.479768786127,0.533933389552
1,1,200,5000,1.5,campo,Lab,1,0.841441441441,0.642045454545,0.460227272727,0.647904722905
1,1,200,5000,1.5,campo,ab,2,0.794741306192,0.327290076336,0.474285714286,0.532105698938
1,1,200,5000,1.5,campo,Lab,2,0.841441441441,0.88219895288,0.460227272727,0.727955889016
1,1,200,5800,0.4,sem,ab,0,0.836448598131,0.735555555556,0.510638297872,0.69421415052
1,1,200,5800,0.4,sem,Lab,0,0.774922918808,0.866492146597,0.507352941176,0.716256002194
1,1,200,5800,0.4,sem,ab,1,0.832863849765,0.735555555556,0.510638297872,0.693019234398
1,1,200,5800,0.4,sem,Lab,1,0.774922918808,0.868766404199,0.507352941176,0.717014088061
1,1,200,5800,0.4,sem,ab,2,0.835849056604,0.735555555556,0.510638297872,0.694014303344
1,1,200,5800,0.4,sem,Lab,2,0.753926701571,0.866492146597,0.0,0.540139616056
1,1,200,5800,0.4,campo,ab,0,0.843494085532,0.329174664107,0.525547445255,0.566072064965
1,1,200,5800,0.4,campo,Lab,0,0.891996142719,0.69014084507,0.360975609756,0.647704199182
1,1,200,5800,0.4,campo,ab,1,0.843494085532,0.328859060403,0.424581005587,0.532311383841
1,1,200,5800,0.4,campo,Lab,1,0.863932898416,0.675196850394,0.38829787234,0.642475873717
1,1,200,5800,0.4,campo,ab,2,0.843494085532,0.329174664107,0.525547445255,0.566072064965
1,1,200,5800,0.4,campo,Lab,2,0.853211009174,0.676528599606,0.336448598131,0.622062735637
1,1,200,5800,1.0,sem,ab,0,0.822552447552,0.526964560863,0.525547445255,0.625021484557
1,1,200,5800,1.0,sem,Lab,0,0.870046082949,0.838383838384,0.401098901099,0.703176274144
1,1,200,5800,1.0,sem,ab,1,0.81200353045,0.585106382979,0.431818181818,0.609642698416
1,1,200,5800,1.0,sem,Lab,1,0.863802559415,0.843434343434,0.396226415094,0.701154439315
1,1,200,5800,1.0,sem,ab,2,0.815358067299,0.585840707965,0.514285714286,0.63849482985
1,1,200,5800,1.0,sem,Lab,2,0.870848708487,0.838383838384,0.401098901099,0.70344381599
1,1,200,5800,1.0,campo,ab,0,0.836330935252,0.44087403599,0.431034482759,0.569413151333
1,1,200,5800,1.0,campo,Lab,0,0.87148217636,0.675196850394,0.294964028777,0.61388101851
1,1,200,5800,1.0,campo,ab,1,0.841961852861,0.33268671193,0.525547445255,0.566732003349
1,1,200,5800,1.0,campo,Lab,1,0.873120300752,0.675196850394,0.378947368421,0.642421506522
1,1,200,5800,1.0,campo,ab,2,0.837083708371,0.473103448276,0.510638297872,0.606941818173
1,1,200,5800,1.0,campo,Lab,2,0.874060150376,0.675196850394,0.391304347826,0.646853782865
1,1,200,5800,1.5,sem,ab,0,0.802542372881,0.368817204301,0.509316770186,0.560225449123
1,1,200,5800,1.5,sem,Lab,0,0.86,0.505899705015,0.434782608696,0.600227437903
1,1,200,5800,1.5,sem,ab,1,0.810300429185,0.406658739596,0.443243243243,0.553400804008
1,1,200,5800,1.5,sem,Lab,1,0.905642023346,0.585324232082,0.437158469945,0.642708241791
1,1,200,5800,1.5,sem,ab,2,0.802374893978,0.36606189968,0.456043956044,0.541493583234
1,1,200,5800,1.5,sem,Lab,2,0.905642023346,0.585324232082,0.437158469945,0.642708241791
1,1,200,5800,1.5,campo,ab,0,0.82915921288,0.322975517891,0.491124260355,0.547752997042
1,1,200,5800,1.5,campo,Lab,0,0.845594913715,0.483779971791,0.478260869565,0.60254525169
1,1,200,5800,1.5,campo,ab,1,0.831400535236,0.32358490566,0.48275862069,0.545914687195
1,1,200,5800,1.5,campo,Lab,1,0.841772151899,0.643527204503,0.478260869565,0.654520075322
1,1,200,5800,1.5,campo,ab,2,0.828571428571,0.323279924599,0.497005988024,0.549619113732
1,1,200,5800,1.5,campo,Lab,2,0.903006789525,0.666019417476,0.438202247191,0.669076151397
1,1,400,4200,0.4,sem,ab,0,0.815993121238,0.00269541778976,0.493055555556,0.437248031528
1,1,400,4200,0.4,sem,Lab,0,0.870600414079,0.0,0.463087248322,0.444562554134
1,1,400,4200,0.4,sem,ab,1,0.815993121238,0.00269541778976,0.455128205128,0.424605581385
1,1,400,4200,0.4,sem,Lab,1,0.799180327869,0.0,0.472602739726,0.423927689198
1,1,400,4200,0.4,sem,ab,2,0.802876480541,0.00269541778976,0.530303030303,0.445291642878
1,1,400,4200,0.4,sem,Lab,2,0.870428422153,0.0,0.469387755102,0.446605392418
1,1,400,4200,0.4,campo,ab,0,0.837568058076,0.362962962963,0.421965317919,0.540832112986
1,1,400,4200,0.4,campo,Lab,0,0.860443622921,0.664728682171,0.350961538462,0.625377947851
1,1,400,4200,0.4,campo,ab,1,0.83666061706,0.362962962963,0.419540229885,0.539721269969
1,1,400,4200,0.4,campo,Lab,1,0.873120300752,0.672549019608,0.344339622642,0.630002981
1,1,400,4200,0.4,campo,ab,2,0.83666061706,0.362962962963,0.521428571429,0.573684050484
1,1,400,4200,0.4,campo,Lab,2,0.873941674506,0.660886319846,0.398907103825,0.644578366059
1,1,400,4200,1.0,sem,ab,0,0.494534096825,0.756207674944,0.439759036145,0.563500269304
1,1,400,4200,1.0,sem,Lab,0,0.682961897915,0.863753213368,0.272445820433,0.606386977239
1,1,400,4200,1.0,sem,ab,1,0.51912568306,0.752314814815,0.431952662722,0.567797720199
1,1,400,4200,1.0,sem,Lab,1,0.682961897915,0.863753213368,0.270769230769,0.605828114017
1,1,400,4200,1.0,sem,ab,2,0.517147523136,0.752886836028,0.431578947368,0.567204435511
1,1,400,4200,1.0,sem,Lab,2,0.695014662757,0.878306878307,0.270769230769,0.614696923944
1,1,400,4200,1.0,campo,ab,0,0.856614246068,0.359538784067,0.450867052023,0.55567336072
1,1,400,4200,1.0,campo,Lab,0,0.88045540797,0.680555555556,0.446428571429,0.669146511651
1,1,400,4200,1.0,campo,ab,1,0.847426470588,0.359538784067,0.536231884058,0.581065712904
1,1,400,4200,1.0,campo,Lab,1,0.853839037928,0.671232876712,0.440476190476,0.655182701705
1,1,400,4200,1.0,campo,ab,2,0.846507352941,0.359538784067,0.536231884058,0.580759340355
1,1,400,4200,1.0,campo,Lab,2,0.881291547958,0.680555555556,0.441176470588,0.667674524701
1,1,400,4200,1.5,sem,ab,0,0.360394537178,0.707006369427,0.439393939394,0.502264948666
1,1,400,4200,1.5,sem,Lab,0,0.416228070175,0.868556701031,0.443298969072,0.576027913426
1,1,400,4200,1.5,sem,ab,1,0.361079437476,0.706131078224,0.439393939394,0.502201485031
1,1,400,4200,1.5,sem,Lab,1,0.408523461042,0.864450127877,0.28813559322,0.52036972738
1,1,400,4200,1.5,sem,ab,2,0.37975190076,0.714596949891,0.439393939394,0.511247596682
1,1,400,4200,1.5,sem,Lab,2,0.416776460255,0.868894601542,0.443298969072,0.576323343623
1,1,400,4200,1.5,campo,ab,0,0.731878409977,0.321763602251,0.541935483871,0.531859165366
1,1,400,4200,1.5,campo,Lab,0,0.775,0.677865612648,0.53164556962,0.661503727423
1,1,400,4200,1.5,campo,ab,1,0.758561643836,0.322368421053,0.544871794872,0.541933953253
1,1,400,4200,1.5,campo,Lab,1,0.841868823001,0.589347079038,0.538961038961,0.656725647
1,1,400,4200,1.5,campo,ab,2,0.760940032415,0.3220657277,0.541935483871,0.541647081328
1,1,400,4200,1.5,campo,Lab,2,0.840358744395,0.583333333333,0.535483870968,0.653058649565
1,1,400,5000,0.4,sem,ab,0,0.861367837338,0.689903846154,0.5546875,0.701986394497
1,1,400,5000,0.4,sem,Lab,0,0.811145510836,0.0,0.383333333333,0.398159614723
1,1,400,5000,0.4,sem,ab,1,0.855178735105,0.689903846154,0.529411764706,0.691498115322
1,1,400,5000,0.4,sem,Lab,1,0.815384615385,0.0,0.552,0.455794871795
1,1,400,5000,0.4,sem,ab,2,0.852054794521,0.689903846154,0.529411764706,0.690456801793
1,1,400,5000,0.4,sem,Lab,2,0.796086508754,0.0,0.552,0.449362169585
1,1,400,5000,0.4,campo,ab,0,0.829768270945,0.49,0.521428571429,0.613732280791
1,1,400,5000,0.4,campo,Lab,0,0.876531573987,0.668615984405,0.366834170854,0.637327243082
1,1,400,5000,0.4,campo,ab,1,0.836808703536,0.368817204301,0.521428571429,0.575684826422
1,1,400,5000,0.4,campo,Lab,1,0.87323943662,0.632841328413,0.398907103825,0.634995956286
1,1,400,5000,0.4,campo,ab,2,0.83771532185,0.368817204301,0.517730496454,0.574754340868
1,1,400,5000,0.4,campo,Lab,2,0.875706214689,0.659615384615,0.366834170854,0.634051923386
1,1,400,5000,1.0,sem,ab,0,0.781893004115,0.713080168776,0.514285714286,0.669752962392
1,1,400,5000,1.0,sem,Lab,0,0.845673505798,0.857142857143,0.285234899329,0.66268375409
1,1,400,5000,1.0,sem,ab,1,0.772357723577,0.713080168776,0.514285714286,0.666574535546
1,1,400,5000,1.0,sem,Lab,1,0.849597135184,0.858942065491,0.397196261682,0.701911820786
1,1,400,5000,1.0,sem,ab,2,0.795454545455,0.699360341151,0.5,0.664938295535
1,1,400,5000,1.0,sem,Lab,2,0.848078641644,0.826086956522,0.399061032864,0.691075543677
1,1,400,5000,1.0,campo,ab,0,0.834088848595,0.363732767762,0.455621301775,0.551147639377
1,1,400,5000,1.0,campo,Lab,0,0.874646559849,0.607079646018,0.417142857143,0.632956354337
1,1,400,5000,1.0,campo,ab,1,0.834088848595,0.363732767762,0.524137931034,0.573986515797
1,1,400,5000,1.0,campo,Lab,1,0.873000940734,0.675196850394,0.417142857143,0.655113549423
1,1,400,5000,1.0,campo,ab,2,0.832879200727,0.363732767762,0.524822695035,0.573811554508
1,1,400,5000,1.0,campo,Lab,2,0.873000940734,0.629357798165,0.417142857143,0.639833865347
1,1,400,5000,1.5,sem,ab,0,0.749206349206,0.635338345865,0.527027027027,0.637190574033
1,1,400,5000,1.5,sem,Lab,0,0.804753820034,0.854271356784,0.441489361702,0.70017151284
1,1,400,5000,1.5,sem,ab,1,0.729792147806,0.638941398866,0.461956521739,0.610230022804
1,1,400,5000,1.5,sem,Lab,1,0.810256410256,0.854271356784,0.439153439153,0.701227068731
1,1,400,5000,1.5,sem,ab,2,0.731688511951,0.633776091082,0.480225988701,0.615230197244
1,1,400,5000,1.5,sem,Lab,2,0.808184143223,0.854271356784,0.439153439153,0.700536313053
1,1,400,5000,1.5,campo,ab,0,0.787878787879,0.341633466135,0.529032258065,0.552848170693
1,1,400,5000,1.5,campo,Lab,0,0.848953594177,0.56045751634,0.532894736842,0.647435282453
1,1,400,5000,1.5,campo,ab,1,0.821080602303,0.342657342657,0.529032258065,0.564256734342
1,1,400,5000,1.5,campo,Lab,1,0.849726775956,0.586086956522,0.543624161074,0.659812631184
1,1,400,5000,1.5,campo,ab,2,0.821145374449,0.342657342657,0.529032258065,0.564278325057
1,1,400,5000,1.5,campo,Lab,2,0.849726775956,0.658349328215,0.532894736842,0.680323613671
1,1,400,5800,0.4,sem,ab,0,0.838919925512,0.733780760626,0.573770491803,0.715490392647
1,1,400,5800,0.4,sem,Lab,0,0.77463312369,0.856396866841,0.0,0.54367666351
1,1,400,5800,0.4,sem,ab,1,0.832717190388,0.733780760626,0.548872180451,0.705123377155
1,1,400,5800,0.4,sem,Lab,1,0.902821316614,0.851948051948,0.510791366906,0.755186911823
1,1,400,5800,0.4,sem,ab,2,0.838919925512,0.733780760626,0.578512396694,0.717071027611
1,1,400,5800,0.4,sem,Lab,2,0.768828451883,0.851948051948,0.0,0.54025883461
1,1,400,5800,0.4,campo,ab,0,0.838738738739,0.362962962963,0.525179856115,0.575627185939
1,1,400,5800,0.4,campo,Lab,0,0.874882408278,0.666019417476,0.315384615385,0.618762147046
1,1,400,5800,0.4,campo,ab,1,0.844606946984,0.363732767762,0.529411764706,0.579250493151
1,1,400,5800,0.4,campo,Lab,1,0.875706214689,0.680555555556,0.342723004695,0.63299492498
1,1,400,5800,0.4,campo,ab,2,0.844606946984,0.363732767762,0.534351145038,0.580896953261
1,1,400,5800,0.4,campo,Lab,2,0.875706214689,0.666019417476,0.38829787234,0.643341168168
1,1,400,5800,1.0,sem,ab,0,0.824312333629,0.545310015898,0.535211267606,0.634944539044
1,1,400,5800,1.0,sem,Lab,0,0.873030583874,0.835025380711,0.390374331551,0.699476765378
1,1,400,5800,1.0,sem,ab,1,0.825354609929,0.545310015898,0.537878787879,0.636181137902
1,1,400,5800,1.0,sem,Lab,1,0.873030583874,0.835443037975,0.390374331551,0.699615984466
1,1,400,5800,1.0,sem,ab,2,0.827160493827,0.546178343949,0.533333333333,0.63555739037
1,1,400,5800,1.0,sem,Lab,2,0.873030583874,0.835025380711,0.390374331551,0.699476765378
1,1,400,5800,1.0,campo,ab,0,0.847209515096,0.359916054565,0.521428571429,0.576184713696
1,1,400,5800,1.0,campo,Lab,0,0.874882408278,0.671232876712,0.398907103825,0.648340796272
1,1,400,5800,1.0,campo,ab,1,0.846294602013,0.359916054565,0.541984732824,0.582731796467
1,1,400,5800,1.0,campo,Lab,1,0.876531573987,0.683266932271,0.339534883721,0.633111129993
1,1,400,5800,1.0,campo,ab,2,0.839495040577,0.359538784067,0.529411764706,0.576148529783
1,1,400,5800,1.0,campo,Lab,2,0.874882408278,0.667315175097,0.398907103825,0.647034895734
1,1,400,5800,1.5,sem,ab,0,0.808054841474,0.425187032419,0.460674157303,0.564638677065
1,1,400,5800,1.5,sem,Lab,0,0.848784878488,0.494236311239,0.463276836158,0.602099341962
1,1,400,5800,1.5,sem,ab,1,0.809605488851,0.359162303665,0.522580645161,0.563782812559
1,1,400,5800,1.5,sem,Lab,1,0.84954954955,0.496382054993,0.458100558659,0.601344054401
1,1,400,5800,1.5,sem,ab,2,0.8066439523,0.419434194342,0.458100558659,0.561392901767
1,1,400,5800,1.5,sem,Lab,2,0.871086556169,0.492816091954,0.471264367816,0.611722338647
1,1,400,5800,1.5,campo,ab,0,0.822339489886,0.343343343343,0.532467532468,0.566050121899
1,1,400,5800,1.5,campo,Lab,0,0.85296803653,0.648393194707,0.503225806452,0.668195679229
1,1,400,5800,1.5,campo,ab,1,0.845108695652,0.348931841302,0.509316770186,0.567785769047
1,1,400,5800,1.5,campo,Lab,1,0.85609532539,0.491404011461,0.503225806452,0.616908381101
1,1,400,5800,1.5,campo,ab,2,0.835727109515,0.346464646465,0.506172839506,0.562788198495
1,1,400,5800,1.5,campo,Lab,2,0.880301602262,0.492816091954,0.5,0.624372564739
1,1,600,4200,0.4,sem,ab,0,0.825217391304,0.0107238605898,0.467105263158,0.434348838351
1,1,600,4200,0.4,sem,Lab,0,0.887628865979,0.0,0.433962264151,0.44053037671
1,1,600,4200,0.4,sem,ab,1,0.822357019064,0.0107238605898,0.514925373134,0.449335417596
1,1,600,4200,0.4,sem,Lab,1,0.888659793814,0.0,0.433962264151,0.440874019322
1,1,600,4200,0.4,sem,ab,2,0.823070251518,0.0107238605898,0.503649635036,0.445814582381
1,1,600,4200,0.4,sem,Lab,2,0.81780962129,0.0,0.453947368421,0.42391899657
1,1,600,4200,0.4,campo,ab,0,0.83125,0.410778443114,0.525179856115,0.589069433076
1,1,600,4200,0.4,campo,Lab,0,0.879848628193,0.676528599606,0.359223300971,0.63853350959
1,1,600,4200,0.4,campo,ab,1,0.835779816514,0.302736098853,0.521428571429,0.553314828932
1,1,600,4200,0.4,campo,Lab,1,0.892753623188,0.675196850394,0.402173913043,0.656708128875
1,1,600,4200,0.4,campo,ab,2,0.839302112029,0.302469135802,0.418079096045,0.519950114626
1,1,600,4200,0.4,campo,Lab,2,0.87323943662,0.676528599606,0.389473684211,0.646413906812
1,1,600,4200,1.0,sem,ab,0,0.491464045525,0.0,0.447852760736,0.313105602087
1,1,600,4200,1.0,sem,Lab,0,0.696769456681,0.0,0.28,0.325589818894
1,1,600,4200,1.0,sem,ab,1,0.490702479339,0.0,0.425287356322,0.30532994522
1,1,600,4200,1.0,sem,Lab,1,0.679312813171,0.0,0.40206185567,0.360458222947
1,1,600,4200,1.0,sem,ab,2,0.490702479339,0.0,0.422857142857,0.304519874065
1,1,600,4200,1.0,sem,Lab,2,0.693548387097,0.86118251928,0.272151898734,0.608960935037
1,1,600,4200,1.0,campo,ab,0,0.846366145354,0.333657587549,0.456140350877,0.545388027927
1,1,600,4200,1.0,campo,Lab,0,0.884578997162,0.68875502008,0.428571428571,0.667301815271
1,1,600,4200,1.0,campo,ab,1,0.823218997361,0.453703703704,0.456140350877,0.577687683981
1,1,600,4200,1.0,campo,Lab,1,0.896253602305,0.552334943639,0.441176470588,0.629921672178
1,1,600,4200,1.0,campo,ab,2,0.831261101243,0.455511288181,0.461538461538,0.582770283654
1,1,600,4200,1.0,campo,Lab,2,0.884578997162,0.692929292929,0.428571428571,0.668693239554
1,1,600,4200,1.5,sem,ab,0,0.36594761171,0.708061002179,0.443298969072,0.50576919432
1,1,600,4200,1.5,sem,Lab,0,0.392960662526,0.0,0.280936454849,0.224632372458
1,1,600,4200,1.5,sem,ab,1,0.360288534548,0.702928870293,0.443298969072,0.502172124638
1,1,600,4200,1.5,sem,Lab,1,0.390625,0.0,0.291666666667,0.227430555556
1,1,600,4200,1.5,sem,ab,2,0.356071964018,0.702928870293,0.506097560976,0.521699465095
1,1,600,4200,1.5,sem,Lab,2,0.39247311828,0.0,0.280936454849,0.22446985771
1,1,600,4200,1.5,campo,ab,0,0.735317149569,0.412755716005,0.544871794872,0.564314886815
1,1,600,4200,1.5,campo,Lab,0,0.853636363636,0.859693877551,0.549019607843,0.754116616344
1,1,600,4200,1.5,campo,ab,1,0.750599520384,0.30625,0.562913907285,0.539921142556
1,1,600,4200,1.5,campo,Lab,1,0.851314596555,0.579037800687,0.549019607843,0.659790668362
1,1,600,4200,1.5,campo,ab,2,0.749401436552,0.30625,0.551948051948,0.535866496167
1,1,600,4200,1.5,campo,Lab,2,0.8375,0.499272197962,0.549019607843,0.628597268602
1,1,600,5000,0.4,sem,ab,0,0.857274401473,0.693975903614,0.536764705882,0.696005003657
1,1,600,5000,0.4,sem,Lab,0,0.81308411215,0.0,0.547619047619,0.453567719923
1,1,600,5000,0.4,sem,ab,1,0.85766758494,0.693975903614,0.532846715328,0.694830067961
1,1,600,5000,0.4,sem,Lab,1,0.832476875642,0.0,0.547619047619,0.46003197442
1,1,600,5000,0.4,sem,ab,2,0.851548269581,0.695652173913,0.526315789474,0.691172077656
1,1,600,5000,0.4,sem,Lab,2,0.807179487179,0.0,0.547619047619,0.4515995116
1,1,600,5000,0.4,campo,ab,0,0.832417582418,0.311818181818,0.525179856115,0.55647187345
1,1,600,5000,0.4,campo,Lab,0,0.890821256039,0.686,0.408839779006,0.661887011681
1,1,600,5000,0.4,campo,ab,1,0.828291814947,0.438058748404,0.513698630137,0.593349731162
1,1,600,5000,0.4,campo,Lab,1,0.8916827853,0.686,0.351598173516,0.643093652939
1,1,600,5000,0.4,campo,ab,2,0.829514207149,0.431989924433,0.513698630137,0.591734253907
1,1,600,5000,0.4,campo,Lab,2,0.885135135135,0.692929292929,0.364532019704,0.647532149256
1,1,600,5000,1.0,sem,ab,0,0.793969849246,0.6640625,0.514084507042,0.657372285429
1,1,600,5000,1.0,sem,Lab,0,0.852517985612,0.837563451777,0.396825396825,0.695635611405
1,1,600,5000,1.0,sem,ab,1,0.805106382979,0.657314629259,0.514084507042,0.658835173093
1,1,600,5000,1.0,sem,Lab,1,0.854824165915,0.833333333333,0.398936170213,0.69569788982
1,1,600,5000,1.0,sem,ab,2,0.761637239165,0.667976424361,0.507042253521,0.645551972349
1,1,600,5000,1.0,sem,Lab,2,0.854054054054,0.833333333333,0.398936170213,0.695441185867
1,1,600,5000,1.0,campo,ab,0,0.827272727273,0.33660451423,0.51724137931,0.560372873604
1,1,600,5000,1.0,campo,Lab,0,0.877589453861,0.683266932271,0.432748538012,0.664534974714
1,1,600,5000,1.0,campo,ab,1,0.831665150136,0.335945151812,0.460122699387,0.542577667112
1,1,600,5000,1.0,campo,Lab,1,0.892960462874,0.720588235294,0.459119496855,0.690889398341
1,1,600,5000,1.0,campo,ab,2,0.830154405086,0.33660451423,0.51724137931,0.561333432875
1,1,600,5000,1.0,campo,Lab,2,0.878416588124,0.683266932271,0.411111111111,0.657598210502
1,1,600,5000,1.5,sem,ab,0,0.752988047809,0.595026642984,0.454054054054,0.600689581616
1,1,600,5000,1.5,sem,Lab,0,0.820779220779,0.816666666667,0.458563535912,0.698669807786
1,1,600,5000,1.5,sem,ab,1,0.754189944134,0.595026642984,0.459016393443,0.602744326854
1,1,600,5000,1.5,sem,Lab,1,0.810418445773,0.687374749499,0.451086956522,0.649626717265
1,1,600,5000,1.5,sem,ab,2,0.705794947994,0.704166666667,0.459016393443,0.622992669368
1,1,600,5000,1.5,sem,Lab,2,0.807659574468,0.843672456576,0.451086956522,0.700806329189
1,1,600,5000,1.5,campo,ab,0,0.774647887324,0.328229665072,0.509202453988,0.537360002128
1,1,600,5000,1.5,campo,Lab,0,0.831850533808,0.59965034965,0.513157894737,0.648219592732
1,1,600,5000,1.5,campo,ab,1,0.792020373514,0.329807692308,0.528662420382,0.550163495401
1,1,600,5000,1.5,campo,Lab,1,0.903790087464,0.627087198516,0.5,0.676959095326
1,1,600,5000,1.5,campo,ab,2,0.801038062284,0.329807692308,0.509202453988,0.546682736193
1,1,600,5000,1.5,campo,Lab,2,0.909001956947,0.882506527415,0.4875,0.759669494787
1,1,600,5800,0.4,sem,ab,0,0.832566697332,0.739910313901,0.55303030303,0.708502438088
1,1,600,5800,0.4,sem,Lab,0,0.78219895288,0.859375,0.0,0.547191317627
1,1,600,5800,0.4,sem,ab,1,0.841509433962,0.739910313901,0.532846715328,0.704755487731
1,1,600,5800,0.4,sem,Lab,1,0.782426778243,0.859375,0.5390625,0.726954759414
1,1,600,5800,0.4,sem,ab,2,0.842504743833,0.739910313901,0.548872180451,0.710429079395
1,1,600,5800,0.4,sem,Lab,2,0.905010438413,0.859375,0.526717557252,0.763700998555
1,1,600,5800,0.4,campo,ab,0,0.812880765883,0.461021505376,0.521428571429,0.598443614229
1,1,600,5800,0.4,campo,Lab,0,0.872778297474,0.68875502008,0.395721925134,0.652418414229
1,1,600,5800,0.4,campo,ab,1,0.830308529946,0.334307992203,0.521428571429,0.562015031192
1,1,600,5800,0.4,campo,Lab,1,0.872778297474,0.68875502008,0.395721925134,0.652418414229
1,1,600,5800,0.4,campo,ab,2,0.827586206897,0.462887989204,0.513888888889,0.601454361663
1,1,600,5800,0.4,campo,Lab,2,0.880153403643,0.7,0.397849462366,0.65933428867
1,1,600,5800,1.0,sem,ab,0,0.834072759539,0.513473053892,0.514084507042,0.620543440158
1,1,600,5800,1.0,sem,Lab,0,0.874768089054,0.827067669173,0.391534391534,0.69779004992
1,1,600,5800,1.0,sem,ab,1,0.829596412556,0.512705530643,0.514084507042,0.618795483414
1,1,600,5800,1.0,sem,Lab,1,0.875580315692,0.832911392405,0.383419689119,0.697303799072
1,1,600,5800,1.0,sem,ab,2,0.82869955157,0.512705530643,0.517730496454,0.619711859555
1,1,600,5800,1.0,sem,Lab,2,0.874768089054,0.832911392405,0.395721925134,0.701133802198
1,1,600,5800,1.0,campo,ab,0,0.827127659574,0.444300518135,0.437869822485,0.569766000065
1,1,600,5800,1.0,campo,Lab,0,0.874296435272,0.692929292929,0.304029304029,0.62375167741
1,1,600,5800,1.0,campo,ab,1,0.834552102377,0.329490874159,0.514084507042,0.559375827859
1,1,600,5800,1.0,campo,Lab,1,0.875939849624,0.684630738523,0.404371584699,0.654980724282
1,1,600,5800,1.0,campo,ab,2,0.834552102377,0.329490874159,0.514084507042,0.559375827859
1,1,600,5800,1.0,campo,Lab,2,0.875939849624,0.684630738523,0.404371584699,0.654980724282
1,1,600,5800,1.5,sem,ab,0,0.811958405546,0.384615384615,0.479768786127,0.558780858763
1,1,600,5800,1.5,sem,Lab,0,0.862226277372,0.492816091954,0.443181818182,0.599408062503
1,1,600,5800,1.5,sem,ab,1,0.808547008547,0.36344314559,0.477011494253,0.54966721613
1,1,600,5800,1.5,sem,Lab,1,0.851985559567,0.491404011461,0.443181818182,0.595523796403
1,1,600,5800,1.5,sem,ab,2,0.811206896552,0.404280618312,0.479768786127,0.565085433663
1,1,600,5800,1.5,sem,Lab,2,0.851217312894,0.489300998573,0.440677966102,0.593732092523
1,1,600,5800,1.5,campo,ab,0,0.808988764045,0.432534678436,0.528301886792,0.589941776425
1,1,600,5800,1.5,campo,Lab,0,0.850501367366,0.576470588235,0.503225806452,0.643399254017
1,1,600,5800,1.5,campo,ab,1,0.810928013877,0.434727503169,0.589928057554,0.611861191533
1,1,600,5800,1.5,campo,Lab,1,0.89748549323,0.737634408602,0.5,0.711706633944
1,1,600,5800,1.5,campo,ab,2,0.789695945946,0.32635585157,0.5,0.538683932505
1,1,600,5800,1.5,campo,Lab,2,0.898550724638,0.575503355705,0.5,0.658018026781
1,1,800,4200,0.4,sem,ab,0,0.816852966466,0.00267379679144,0.472972972973,0.43083324541
1,1,800,4200,0.4,sem,Lab,0,0.807179487179,0.0,0.462585034014,0.423254840398
1,1,800,4200,0.4,sem,ab,1,0.816151202749,0.00267379679144,0.46357615894,0.427467052827
1,1,800,4200,0.4,sem,Lab,1,0.811088295688,0.0,0.462585034014,0.424557776567
1,1,800,4200,0.4,sem,ab,2,0.816151202749,0.00267379679144,0.472972972973,0.430599324171
1,1,800,4200,0.4,sem,Lab,2,0.874350986501,0.0,0.411764705882,0.428705230794
1,1,800,4200,0.4,campo,ab,0,0.828014184397,0.368817204301,0.489795918367,0.562209102355
1,1,800,4200,0.4,campo,Lab,0,0.872897196262,0.687374749499,0.354368932039,0.638213625933
1,1,800,4200,0.4,campo,ab,1,0.834837545126,0.368025751073,0.503496503497,0.568786599899
1,1,800,4200,0.4,campo,Lab,1,0.872897196262,0.522865853659,0.354368932039,0.58337732732
1,1,800,4200,0.4,campo,ab,2,0.836183618362,0.368817204301,0.530303030303,0.578434617655
1,1,800,4200,0.4,campo,Lab,2,0.87617260788,0.63167587477,0.396739130435,0.634862537695
1,1,800,4200,1.0,sem,ab,0,0.495824634656,0.00253164556962,0.431952662722,0.310102980982
1,1,800,4200,1.0,sem,Lab,0,0.716553287982,0.881578947368,0.413612565445,0.670581600265
1,1,800,4200,1.0,sem,ab,1,0.496083550914,0.00253164556962,0.433734939759,0.310783378747
1,1,800,4200,1.0,sem,Lab,1,0.697794117647,0.863753213368,0.431137724551,0.664228351855
1,1,800,4200,1.0,sem,ab,2,0.609756097561,0.756264236902,0.431952662722,0.599324332395
1,1,800,4200,1.0,sem,Lab,2,0.692700729927,0.0,0.271293375394,0.32133136844
1,1,800,4200,1.0,campo,ab,0,0.849726775956,0.357664233577,0.533333333333,0.580241447622
1,1,800,4200,1.0,campo,Lab,0,0.895493767977,0.624772313297,0.434523809524,0.651596630266
1,1,800,4200,1.0,campo,ab,1,0.84113865932,0.477715877437,0.438888888889,0.585914475216
1,1,800,4200,1.0,campo,Lab,1,0.879472693032,0.68875502008,0.429411764706,0.665879825939
1,1,800,4200,1.0,campo,ab,2,0.85,0.35691987513,0.529411764706,0.578777213279
1,1,800,4200,1.0,campo,Lab,2,0.897087378641,0.710144927536,0.415300546448,0.674177617542
1,1,800,4200,1.5,sem,ab,0,0.346462436178,0.714285714286,0.476744186047,0.512497445503
1,1,800,4200,1.5,sem,Lab,0,0.377636291285,0.0,0.425742574257,0.267792955181
1,1,800,4200,1.5,sem,ab,1,0.366550791812,0.711496746204,0.410628019324,0.49622518578
1,1,800,4200,1.5,sem,Lab,1,0.386400651466,0.87338501292,0.280936454849,0.513574039745
1,1,800,4200,1.5,sem,ab,2,0.36778939218,0.713665943601,0.406698564593,0.496051300125
1,1,800,4200,1.5,sem,Lab,2,0.385458976442,0.875647668394,0.280936454849,0.514014366562
1,1,800,4200,1.5,campo,ab,0,0.753611556982,0.318181818182,0.521472392638,0.531088589267
1,1,800,4200,1.5,campo,Lab,0,0.842152466368,0.466666666667,0.515923566879,0.608247566638
1,1,800,4200,1.5,campo,ab,1,0.784033613445,0.319366852886,0.521472392638,0.541624286323
1,1,800,4200,1.5,campo,Lab,1,0.855191256831,0.659615384615,0.51875,0.677852213815
1,1,800,4200,1.5,campo,ab,2,0.768163265306,0.317886932345,0.505882352941,0.530644183531
1,1,800,4200,1.5,campo,Lab,2,0.848238482385,0.509658246657,0.51875,0.625548909681
1,1,800,5000,0.4,sem,ab,0,0.85831809872,0.692493946731,0.511111111111,0.687307718854
1,1,800,5000,0.4,sem,Lab,0,0.816580310881,0.0,0.544,0.453526770294
1,1,800,5000,0.4,sem,ab,1,0.85831809872,0.692493946731,0.514705882353,0.688505975935
1,1,800,5000,0.4,sem,Lab,1,0.826625386997,0.0,0.531746031746,0.452790472914
1,1,800,5000,0.4,sem,ab,2,0.85831809872,0.692493946731,0.503649635036,0.684820560163
1,1,800,5000,0.4,sem,Lab,2,0.827657378741,0.0,0.531746031746,0.453134470162
1,1,800,5000,0.4,campo,ab,0,0.826992753623,0.368025751073,0.5,0.565006168232
1,1,800,5000,0.4,campo,Lab,0,0.876288659794,0.628205128205,0.395604395604,0.633366061201
1,1,800,5000,0.4,campo,ab,1,0.826992753623,0.367237687366,0.426035502959,0.540088647983
1,1,800,5000,0.4,campo,Lab,1,0.882908404155,0.628205128205,0.366834170854,0.625982567738
1,1,800,5000,0.4,campo,ab,2,0.825396825397,0.367631296892,0.514492753623,0.569173625304
1,1,800,5000,0.4,campo,Lab,2,0.873831775701,0.68875502008,0.354368932039,0.638985242607
1,1,800,5000,1.0,sem,ab,0,0.795473595977,0.668024439919,0.492957746479,0.652151927458
1,1,800,5000,1.0,sem,Lab,0,0.848837209302,0.769585253456,0.280769230769,0.633063897843
1,1,800,5000,1.0,sem,ab,1,0.794314381271,0.72186836518,0.492957746479,0.669713497643
1,1,800,5000,1.0,sem,Lab,1,0.850358422939,0.854219948849,0.4,0.701526123929
1,1,800,5000,1.0,sem,ab,2,0.795473595977,0.668024439919,0.492957746479,0.652151927458
1,1,800,5000,1.0,sem,Lab,2,0.845948352627,0.827669902913,0.389908256881,0.687842170807
1,1,800,5000,1.0,campo,ab,0,0.830308529946,0.365671641791,0.451219512195,0.549066561311
1,1,800,5000,1.0,campo,Lab,0,0.878645343368,0.684630738523,0.406779661017,0.656685247636
1,1,800,5000,1.0,campo,ab,1,0.833030852995,0.365671641791,0.451219512195,0.549974002327
1,1,800,5000,1.0,campo,Lab,1,0.878645343368,0.681908548708,0.409090909091,0.656548267055
1,1,800,5000,1.0,campo,ab,2,0.828025477707,0.36606189968,0.476510067114,0.556865814834
1,1,800,5000,1.0,campo,Lab,2,0.907206317868,0.680555555556,0.409090909091,0.665617594171
1,1,800,5000,1.5,sem,ab,0,0.711610486891,0.618081180812,0.430051813472,0.586581160392
1,1,800,5000,1.5,sem,Lab,0,0.825632083697,0.838235294118,0.430051813472,0.697973063762
1,1,800,5000,1.5,sem,ab,1,0.756,0.618081180812,0.430051813472,0.601377664761
1,1,800,5000,1.5,sem,Lab,1,0.802876480541,0.853164556962,0.427835051546,0.694625363017
1,1,800,5000,1.5,sem,ab,2,0.753588516746,0.618081180812,0.430051813472,0.60057383701
1,1,800,5000,1.5,sem,Lab,2,0.80152027027,0.874358974359,0.427835051546,0.701238098725
1,1,800,5000,1.5,campo,ab,0,0.797790994053,0.346464646465,0.471590909091,0.538615516536
1,1,800,5000,1.5,campo,Lab,0,0.845667870036,0.495664739884,0.476744186047,0.606025598656
1,1,800,5000,1.5,campo,ab,1,0.812121212121,0.345766129032,0.568345323741,0.575410888298
1,1,800,5000,1.5,campo,Lab,1,0.911306042885,0.697154471545,0.471264367816,0.693241627415
1,1,800,5000,1.5,campo,ab,2,0.82612533098,0.346464646465,0.458563535912,0.543717837785
1,1,800,5000,1.5,campo,Lab,2,0.848731884058,0.499272197962,0.476744186047,0.608249422689
1,1,800,5800,0.4,sem,ab,0,0.844192634561,0.752272727273,0.569105691057,0.72185701763
1,1,800,5800,0.4,sem,Lab,0,0.78459937565,0.880319148936,0.5390625,0.734660341529
1,1,800,5800,0.4,sem,ab,1,0.836246550138,0.752272727273,0.56,0.71617309247
1,1,800,5800,0.4,sem,Lab,1,0.799793601651,0.880319148936,0.515151515152,0.731754755246
1,1,800,5800,0.4,sem,ab,2,0.84925093633,0.752272727273,0.522388059701,0.707970574435
1,1,800,5800,0.4,sem,Lab,2,0.801447776629,0.880319148936,0.515151515152,0.732306146905
1,1,800,5800,0.4,campo,ab,0,0.82145998241,0.364893617021,0.496503496503,0.560952365312
1,1,800,5800,0.4,campo,Lab,0,0.878531073446,0.63167587477,0.389189189189,0.633132045802
1,1,800,5800,0.4,campo,ab,1,0.833928571429,0.364893617021,0.522388059701,0.573736749384
1,1,800,5800,0.4,campo,Lab,1,0.878531073446,0.630514705882,0.395604395604,0.634883391644
1,1,800,5800,0.4,campo,ab,2,0.842391304348,0.365282215122,0.414772727273,0.540815415581
1,1,800,5800,0.4,campo,Lab,2,0.876879699248,0.680555555556,0.395604395604,0.651013216803
1,1,800,5800,1.0,sem,ab,0,0.83480565371,0.738738738739,0.408839779006,0.660794723818
1,1,800,5800,1.0,sem,Lab,0,0.876623376623,0.841836734694,0.393442622951,0.703967578089
1,1,800,5800,1.0,sem,ab,1,0.83480565371,0.584670231729,0.507142857143,0.642206247527
1,1,800,5800,1.0,sem,Lab,1,0.875810936052,0.847880299252,0.384976525822,0.702889253708
1,1,800,5800,1.0,sem,ab,2,0.827094474153,0.584670231729,0.507142857143,0.639635854342
1,1,800,5800,1.0,sem,Lab,2,0.876623376623,0.841836734694,0.393442622951,0.703967578089
1,1,800,5800,1.0,campo,ab,0,0.846014492754,0.359162303665,0.489655172414,0.564943989611
1,1,800,5800,1.0,campo,Lab,0,0.883742911153,0.68875502008,0.361386138614,0.644628023282
1,1,800,5800,1.0,campo,ab,1,0.837209302326,0.358037578288,0.510948905109,0.568731928574
1,1,800,5800,1.0,campo,Lab,1,0.888030888031,0.695740365112,0.402234636872,0.662001963338
1,1,800,5800,1.0,campo,ab,2,0.838827838828,0.359162303665,0.518518518519,0.57216955367
1,1,800,5800,1.0,campo,Lab,2,0.880414312618,0.620253164557,0.378504672897,0.626390716691
1,1,800,5800,1.5,sem,ab,0,0.798990748528,0.524615384615,0.439153439153,0.587586524099
1,1,800,5800,1.5,sem,Lab,0,0.840707964602,0.591379310345,0.445652173913,0.62591314962
1,1,800,5800,1.5,sem,ab,1,0.802888700085,0.424129353234,0.439153439153,0.555390497491
1,1,800,5800,1.5,sem,Lab,1,0.842526690391,0.501461988304,0.445652173913,0.59654695087
1,1,800,5800,1.5,sem,ab,2,0.804071246819,0.416870415648,0.436842105263,0.552594589243
1,1,800,5800,1.5,sem,Lab,2,0.839539007092,0.5,0.445652173913,0.595063727002
1,1,800,5800,1.5,campo,ab,0,0.826431718062,0.453104359313,0.447513812155,0.57568329651
1,1,800,5800,1.5,campo,Lab,0,0.846781504986,0.498546511628,0.473372781065,0.606233599226
1,1,800,5800,1.5,campo,ab,1,0.827160493827,0.34437751004,0.473684210526,0.548407404798
1,1,800,5800,1.5,campo,Lab,1,0.846781504986,0.498546511628,0.457142857143,0.600823624586
1,1,800,5800,1.5,campo,ab,2,0.827215756491,0.349287169043,0.55,0.575500975178
1,1,800,5800,1.5,campo,Lab,2,0.847549909256,0.498546511628,0.467455621302,0.604517347395
2,0,0,6200,0.4,sem,ab,0,0.77938517179,0.685579196217,0.707602339181,0.724188902396
2,0,0,6200,0.4,sem,Lab,0,0.870707070707,0.87323943662,0.711764705882,0.818570404403
2,0,0,6200,0.4,sem,ab,1,0.77938517179,0.679626749611,0.707602339181,0.722204753528
2,0,0,6200,0.4,sem,Lab,1,0.870707070707,0.874458874459,0.707602339181,0.817589428116
2,0,0,6200,0.4,sem,ab,2,0.77938517179,0.685579196217,0.699421965318,0.721462111109
2,0,0,6200,0.4,sem,Lab,2,0.916488222698,0.875406283857,0.707602339181,0.833165615245
2,0,0,6200,0.4,campo,ab,0,0.757264957265,0.0426535674335,0.641025641026,0.480314721908
2,0,0,6200,0.4,campo,Lab,0,0.860194174757,0.659558263519,0.649289099526,0.723013845934
2,0,0,6200,0.4,campo,ab,1,0.757264957265,0.0431285467555,0.702702702703,0.501032068908
2,0,0,6200,0.4,campo,Lab,1,0.856866537718,0.591000671592,0.645933014354,0.697933407888
2,0,0,6200,0.4,campo,ab,2,0.757264957265,0.0433234421365,0.679069767442,0.493219388948
2,0,0,6200,0.4,campo,Lab,2,0.886,0.521327014218,0.655502392344,0.687609802188
2,0,0,6200,1.0,sem,ab,0,0.760469011725,0.065552891819,0.692708333333,0.506243412293
2,0,0,6200,1.0,sem,Lab,0,0.915322580645,0.727047146402,0.647619047619,0.763329591555
2,0,0,6200,1.0,sem,ab,1,0.761744966443,0.0660706167601,0.686170212766,0.50466193199
2,0,0,6200,1.0,sem,Lab,1,0.878143133462,0.70436187399,0.676616915423,0.753040640958
2,0,0,6200,1.0,sem,ab,2,0.760469011725,0.0650725496002,0.628099173554,0.484546911626
2,0,0,6200,1.0,sem,Lab,2,0.878143133462,0.645400593472,0.62962962963,0.717724452188
2,0,0,6200,1.0,campo,ab,0,0.761578044597,0.0415160738064,0.680628272251,0.494574130218
2,0,0,6200,1.0,campo,Lab,0,0.87573964497,0.659638554217,0.6875,0.740959399729
2,0,0,6200,1.0,campo,ab,1,0.760273972603,0.0409702500116,0.70652173913,0.502588653915
2,0,0,6200,1.0,campo,Lab,1,0.889779559118,0.660391566265,0.650943396226,0.733704840537
2,0,0,6200,1.0,campo,ab,2,0.760273972603,0.0415810352244,0.645021645022,0.482292217616
2,0,0,6200,1.0,campo,Lab,2,0.895161290323,0.650334075724,0.647342995169,0.730946120405
2,0,0,6200,1.5,sem,ab,0,0.749593495935,0.0260759722097,0.671171171171,0.482280213105
2,0,0,6200,1.5,sem,Lab,0,0.869811320755,0.411820330969,0.68544600939,0.655692553705
2,0,0,6200,1.5,sem,ab,1,0.749593495935,0.026095814483,0.645021645022,0.47357031848
2,0,0,6200,1.5,sem,Lab,1,0.827648114901,0.450205338809,0.629310344828,0.635721266179
2,0,0,6200,1.5,sem,ab,2,0.764510779436,0.0260663507109,0.651583710407,0.480720280185
2,0,0,6200,1.5,sem,Lab,2,0.8916827853,0.402669121031,0.632034632035,0.642128846122
2,0,0,6200,1.5,campo,ab,0,0.737274220033,0.0379271170148,0.663716814159,0.479639383736
2,0,0,6200,1.5,campo,Lab,0,0.868471953578,0.548549810845,0.651785714286,0.689602492903
2,0,0,6200,1.5,campo,ab,1,0.740924092409,0.0373963586631,0.692708333333,0.490342928135
2,0,0,6200,1.5,campo,Lab,1,0.831481481481,0.470812875068,0.659292035398,0.653862130649
2,0,0,6200,1.5,campo,ab,2,0.754621848739,0.0377933556842,0.715,0.502471734808
2,0,0,6200,1.5,campo,Lab,2,0.875243664717,0.563195808775,0.637554585153,0.691998019549
2,0,0,7000,0.4,sem,ab,0,0.744444444444,0.458311205523,0.670588235294,0.624447961754
2,0,0,7000,0.4,sem,Lab,0,0.0,0.901639344262,0.0,0.300546448087
2,0,0,7000,0.4,sem,ab,1,0.745825602968,0.444839857651,0.692307692308,0.627657717642
2,0,0,7000,0.4,sem,Lab,1,0.0,0.902732240437,0.0,0.300910746812
2,0,0,7000,0.4,sem,ab,2,0.745825602968,0.458311205523,0.668639053254,0.624258620582
2,0,0,7000,0.4,sem,Lab,2,0.0,0.893548387097,0.0,0.297849462366
2,0,0,7000,0.4,campo,ab,0,0.758561643836,0.0415696707682,0.682291666667,0.494140993757
2,0,0,7000,0.4,campo,Lab,0,0.89314516129,0.65496639283,0.655339805825,0.734483786649
2,0,0,7000,0.4,campo,ab,1,0.757264957265,0.0414407618688,0.700534759358,0.499746826164
2,0,0,7000,0.4,campo,Lab,1,0.855212355212,0.504293073841,0.641509433962,0.667004954338
2,0,0,7000,0.4,campo,ab,2,0.758561643836,0.0414576431614,0.638655462185,0.479558249727
2,0,0,7000,0.4,campo,Lab,2,0.803992740472,0.656179775281,0.647058823529,0.702410446427
2,0,0,7000,1.0,sem,ab,0,0.754295532646,0.0257154585972,0.683937823834,0.487982938359
2,0,0,7000,1.0,sem,Lab,0,0.84912959381,0.357375713121,0.643192488263,0.616565931732
2,0,0,7000,1.0,sem,ab,1,0.753001715266,0.0257184750733,0.680365296804,0.486361829048
2,0,0,7000,1.0,sem,Lab,1,0.84912959381,0.557961783439,0.672811059908,0.693300812386
2,0,0,7000,1.0,sem,ab,2,0.753001715266,0.0257424002811,0.666666666667,0.481803594071
2,0,0,7000,1.0,sem,Lab,2,0.867588932806,0.559872611465,0.637614678899,0.688358741057
2,0,0,7000,1.0,campo,ab,0,0.755972696246,0.0465722801788,0.680628272251,0.494391082892
2,0,0,7000,1.0,campo,Lab,0,0.891129032258,0.680436477007,0.638095238095,0.736553582453
2,0,0,7000,1.0,campo,ab,1,0.753401360544,0.0463903814438,0.685279187817,0.495023643268
2,0,0,7000,1.0,campo,Lab,1,0.89314516129,0.674884437596,0.635944700461,0.734658099782
2,0,0,7000,1.0,campo,ab,2,0.755972696246,0.0465240641711,0.69109947644,0.497865412286
2,0,0,7000,1.0,campo,Lab,2,0.89314516129,0.674922600619,0.638095238095,0.735387666668
2,0,0,7000,1.5,sem,ab,0,0.729372937294,0.0134857947588,0.68018018018,0.474346304078
2,0,0,7000,1.5,sem,Lab,0,0.851637764933,0.0806718061674,0.608527131783,0.513612234294
2,0,0,7000,1.5,sem,ab,1,0.733001658375,0.0136000373884,0.685279187817,0.47729362786
2,0,0,7000,1.5,sem,Lab,1,0.776801405975,0.275862068966,0.616071428571,0.556244967837
2,0,0,7000,1.5,sem,ab,2,0.737896494157,0.0135908440629,0.657657657658,0.469714998626
2,0,0,7000,1.5,sem,Lab,2,0.853281853282,0.270079705702,0.642857142857,0.58873956728
2,0,0,7000,1.5,campo,ab,0,0.73735725938,0.0313550245596,0.669724770642,0.479479018194
2,0,0,7000,1.5,campo,Lab,0,0.869230769231,0.44566353187,0.654708520179,0.65653427376
2,0,0,7000,1.5,campo,ab,1,0.73735725938,0.0313851613619,0.672811059908,0.480517826883
2,0,0,7000,1.5,campo,Lab,1,0.869230769231,0.464897733554,0.644444444444,0.659524315743
2,0,0,7000,1.5,campo,ab,2,0.733766233766,0.0313629990407,0.666666666667,0.477265299825
2,0,0,7000,1.5,campo,Lab,2,0.889763779528,0.506516587678,0.651785714286,0.68268869383
2,0,0,8000,0.4,sem,ab,0,0.712927756654,0.123178251121,0.693121693122,0.509742566966
2,0,0,8000,0.4,sem,Lab,0,0.0,0.919661733615,0.0,0.306553911205
2,0,0,8000,0.4,sem,ab,1,0.712927756654,0.122907366071,0.685863874346,0.507232999024
2,0,0,8000,0.4,sem,Lab,1,0.0,0.91167192429,0.0,0.30389064143
2,0,0,8000,0.4,sem,ab,2,0.712927756654,0.123281907433,0.698924731183,0.51171146509
2,0,0,8000,0.4,sem,Lab,2,0.0,0.913593256059,0.0,0.304531085353
2,0,0,8000,0.4,campo,ab,0,0.757264957265,0.0401648729105,0.695652173913,0.497694001363
2,0,0,8000,0.4,campo,Lab,0,0.815837937385,0.491903964266,0.657276995305,0.655006298985
2,0,0,8000,0.4,campo,ab,1,0.755972696246,0.0402422796311,0.683417085427,0.493210687101
2,0,0,8000,0.4,campo,Lab,1,0.89314516129,0.67722007722,0.649289099526,0.739884779345
2,0,0,8000,0.4,campo,ab,2,0.759862778731,0.0401669035719,0.673469387755,0.491166356686
2,0,0,8000,0.4,campo,Lab,2,0.89314516129,0.583388704319,0.635944700461,0.704159522023
2,0,0,8000,1.0,sem,ab,0,0.753496503497,0.013375032261,0.69109947644,0.485990337399
2,0,0,8000,1.0,sem,Lab,0,0.758802816901,0.289907651715,0.672811059908,0.573840509508
2,0,0,8000,1.0,sem,ab,1,0.752181500873,0.0135442609845,0.683486238532,0.483070666796
2,0,0,8000,1.0,sem,Lab,1,0.768270944742,0.287393860222,0.649038461538,0.568234422167
2,0,0,8000,1.0,sem,ab,2,0.752181500873,0.0133744231236,0.622950819672,0.462835581223
2,0,0,8000,1.0,sem,Lab,2,0.757469244288,0.246571508536,0.635983263598,0.546674672141
2,0,0,8000,1.0,campo,ab,0,0.758561643836,0.0403240571219,0.685863874346,0.494916525101
2,0,0,8000,1.0,campo,Lab,0,0.856866537718,0.62347012239,0.652380952381,0.71090587083
2,0,0,8000,1.0,campo,ab,1,0.759862778731,0.0409789947487,0.621739130435,0.474193634638
2,0,0,8000,1.0,campo,Lab,1,0.89314516129,0.539416511484,0.647619047619,0.693393573464
2,0,0,8000,1.0,campo,ab,2,0.757264957265,0.0409939632177,0.666666666667,0.48830852905
2,0,0,8000,1.0,campo,Lab,2,0.858527131783,0.51618599176,0.652380952381,0.675698025308
2,0,0,8000,1.5,sem,ab,0,0.729865771812,0.00921919688224,0.6866359447,0.475240304465
2,0,0,8000,1.5,sem,Lab,0,0.839768339768,0.0463084776088,0.596958174905,0.494344997427
2,0,0,8000,1.5,sem,ab,1,0.72864321608,0.00922754647814,0.666666666667,0.468179143075
2,0,0,8000,1.5,sem,Lab,1,0.852941176471,0.0794628897268,0.612,0.514801355399
2,0,0,8000,1.5,sem,ab,2,0.729865771812,0.00923797226509,0.655021834061,0.464708526046
2,0,0,8000,1.5,sem,Lab,2,0.752595155709,0.0790229885057,0.611111111111,0.480909751775
2,0,0,8000,1.5,campo,ab,0,0.711323763955,0.0242672277142,0.697115384615,0.477568792095
2,0,0,8000,1.5,campo,Lab,0,0.851145038168,0.493506493506,0.651785714286,0.665479081987
2,0,0,8000,1.5,campo,ab,1,0.711323763955,0.0239351943323,0.68544600939,0.473568322559
2,0,0,8000,1.5,campo,Lab,1,0.81684981685,0.512568976088,0.676991150442,0.66880331446
2,0,0,8000,1.5,campo,ab,2,0.7104,0.0242714248652,0.666666666667,0.467112697177
2,0,0,8000,1.5,campo,Lab,2,0.859344894027,0.43949044586,0.651785714286,0.650207018058
2,0,200,6200,0.4,sem,ab,0,0.762250453721,0.676539360873,0.642857142857,0.69388231915
2,0,200,6200,0.4,sem,Lab,0,0.841683366733,0.907127429806,0.701657458564,0.816822751701
2,0,200,6200,0.4,sem,ab,1,0.762250453721,0.676539360873,0.70618556701,0.714991793868
2,0,200,6200,0.4,sem,Lab,1,0.895074946467,0.875406283857,0.697802197802,0.822761142709
2,0,200,6200,0.4,sem,ab,2,0.762250453721,0.672825250192,0.666666666667,0.700580790193
2,0,200,6200,0.4,sem,Lab,2,0.830835117773,0.875406283857,0.685393258427,0.797211553352
2,0,200,6200,0.4,campo,ab,0,0.755972696246,0.0329674460567,0.691489361702,0.493476501335
2,0,200,6200,0.4,campo,Lab,0,0.891348088531,0.65,0.658536585366,0.733294891299
2,0,200,6200,0.4,campo,ab,1,0.752122241087,0.0330302119345,0.659192825112,0.481448426044
2,0,200,6200,0.4,campo,Lab,1,0.86186770428,0.662623199393,0.644549763033,0.723013555569
2,0,200,6200,0.4,campo,ab,2,0.75468483816,0.0329724039401,0.660098522167,0.482585254756
2,0,200,6200,0.4,campo,Lab,2,0.865234375,0.542205791744,0.645933014354,0.684457727033
2,0,200,6200,1.0,sem,ab,0,0.741407528642,0.0639607297238,0.627615062762,0.477661107042
2,0,200,6200,1.0,sem,Lab,0,0.909638554217,0.734468085106,0.630136986301,0.758081208542
2,0,200,6200,1.0,sem,ab,1,0.753743760399,0.0641617226983,0.635593220339,0.484499567812
2,0,200,6200,1.0,sem,Lab,1,0.909638554217,0.587058038692,0.632034632035,0.709577074981
2,0,200,6200,1.0,sem,ab,2,0.753743760399,0.063282036531,0.63025210084,0.482425965924
2,0,200,6200,1.0,sem,Lab,2,0.909638554217,0.732263513514,0.631818181818,0.75790674985
2,0,200,6200,1.0,campo,ab,0,0.756388415673,0.0350414016561,0.63829787234,0.476575896556
2,0,200,6200,1.0,campo,Lab,0,0.8671875,0.671264367816,0.641509433962,0.726653767259
2,0,200,6200,1.0,campo,ab,1,0.752542372881,0.0346520929864,0.614754098361,0.467316188076
2,0,200,6200,1.0,campo,Lab,1,0.88622754491,0.598092643052,0.652582159624,0.712300782529
2,0,200,6200,1.0,campo,ab,2,0.756388415673,0.0351339481774,0.632911392405,0.474811252085
2,0,200,6200,1.0,campo,Lab,2,0.892929292929,0.659365558912,0.639269406393,0.730521419411
2,0,200,6200,1.5,sem,ab,0,0.747954173486,0.0254375729288,0.648888888889,0.474093545101
2,0,200,6200,1.5,sem,Lab,0,0.878846153846,0.452938117525,0.643171806167,0.658318692513
2,0,200,6200,1.5,sem,ab,1,0.737096774194,0.0255075176973,0.63829787234,0.466967388077
2,0,200,6200,1.5,sem,Lab,1,0.896078431373,0.397172822617,0.632034632035,0.641761962008
2,0,200,6200,1.5,sem,ab,2,0.760399334443,0.0254113665539,0.634782608696,0.473531103231
2,0,200,6200,1.5,sem,Lab,2,0.846296296296,0.411126826968,0.640350877193,0.632591333486
2,0,200,6200,1.5,campo,ab,0,0.744147157191,0.0318582146352,0.643171806167,0.473059059331
2,0,200,6200,1.5,campo,Lab,0,0.859073359073,0.408662900188,0.632034632035,0.633256963765
2,0,200,6200,1.5,campo,ab,1,0.749158249158,0.0321092452482,0.68544600939,0.488904501265
2,0,200,6200,1.5,campo,Lab,1,0.794642857143,0.627507163324,0.637554585153,0.686568201873
2,0,200,6200,1.5,campo,ab,2,0.744147157191,0.0320670760858,0.641025641026,0.472413291434
2,0,200,6200,1.5,campo,Lab,2,0.867446393762,0.807471264368,0.64,0.771639219377
2,0,200,7000,0.4,sem,ab,0,0.73752310536,0.434085213033,0.614035087719,0.595214468704
2,0,200,7000,0.4,sem,Lab,0,0.0,0.901833872708,0.0,0.300611290903
2,0,200,7000,0.4,sem,ab,1,0.73752310536,0.438259109312,0.664772727273,0.613518313982
2,0,200,7000,0.4,sem,Lab,1,0.0,0.905405405405,0.0,0.301801801802
2,0,200,7000,0.4,sem,ab,2,0.73752310536,0.43731041456,0.617647058824,0.597493526248
2,0,200,7000,0.4,sem,Lab,2,0.0,0.888286334056,0.0,0.296095444685
2,0,200,7000,0.4,campo,ab,0,0.755102040816,0.0323795458741,0.663414634146,0.483632073612
2,0,200,7000,0.4,campo,Lab,0,0.889779559118,0.630434782609,0.63981042654,0.720008256089
2,0,200,7000,0.4,campo,ab,1,0.753820033956,0.0323402370141,0.675925925926,0.487362065632
2,0,200,7000,0.4,campo,Lab,1,0.880952380952,0.648106904232,0.649289099526,0.726116128237
2,0,200,7000,0.4,campo,ab,2,0.755102040816,0.0319454024032,0.635593220339,0.474213554519
2,0,200,7000,0.4,campo,Lab,2,0.88622754491,0.631693198263,0.631818181818,0.716579641664
2,0,200,7000,1.0,sem,ab,0,0.742372881356,0.024949732378,0.65625,0.474524204578
2,0,200,7000,1.0,sem,Lab,0,0.831119544592,0.572543916721,0.64953271028,0.684398723864
2,0,200,7000,1.0,sem,ab,1,0.752577319588,0.0246082511662,0.634782608696,0.470656059816
2,0,200,7000,1.0,sem,Lab,1,0.852140077821,0.513119533528,0.64406779661,0.669775802653
2,0,200,7000,1.0,sem,ab,2,0.75,0.0249907809264,0.657142857143,0.477377879356
2,0,200,7000,1.0,sem,Lab,2,0.765734265734,0.577380952381,0.641509433962,0.661541550692
2,0,200,7000,1.0,campo,ab,0,0.754266211604,0.0364394413175,0.697916666667,0.496207439863
2,0,200,7000,1.0,campo,Lab,0,0.797833935018,0.666159695817,0.644859813084,0.702951147973
2,0,200,7000,1.0,campo,ab,1,0.747884940778,0.0370948025123,0.665158371041,0.483379371444
2,0,200,7000,1.0,campo,Lab,1,0.889336016097,0.540490797546,0.637614678899,0.689147164181
2,0,200,7000,1.0,campo,ab,2,0.747884940778,0.0372286295794,0.676767676768,0.487293749042
2,0,200,7000,1.0,campo,Lab,2,0.86836935167,0.584058941728,0.630136986301,0.694188426566
2,0,200,7000,1.5,sem,ab,0,0.731907894737,0.0132243327723,0.645021645022,0.463384624177
2,0,200,7000,1.5,sem,Lab,0,0.756802721088,0.102972150714,0.612648221344,0.490807697715
2,0,200,7000,1.5,sem,ab,1,0.745393634841,0.013355262156,0.659090909091,0.472613268696
2,0,200,7000,1.5,sem,Lab,1,0.864077669903,0.305427456545,0.633928571429,0.601144565959
2,0,200,7000,1.5,sem,ab,2,0.749158249158,0.0132269167756,0.640350877193,0.467578681042
2,0,200,7000,1.5,sem,Lab,2,0.841209829868,0.103994327582,0.609375,0.518193052483
2,0,200,7000,1.5,campo,ab,0,0.737785016287,0.0279364250514,0.648888888889,0.471536776742
2,0,200,7000,1.5,campo,Lab,0,0.846728971963,0.434915773354,0.64347826087,0.641707668729
2,0,200,7000,1.5,campo,ab,1,0.725961538462,0.0281466273718,0.641025641026,0.465044602286
2,0,200,7000,1.5,campo,Lab,1,0.859582542694,0.509546539379,0.633620689655,0.667583257243
2,0,200,7000,1.5,campo,ab,2,0.736585365854,0.0281825726141,0.668181818182,0.477649918883
2,0,200,7000,1.5,campo,Lab,2,0.867816091954,0.497930218805,0.643171806167,0.669639372309
2,0,200,8000,0.4,sem,ab,0,0.689013035382,0.118973666442,0.685082872928,0.497689858251
2,0,200,8000,0.4,sem,Lab,0,0.0,0.925485961123,0.0,0.308495320374
2,0,200,8000,0.4,sem,ab,1,0.689013035382,0.119338215351,0.70652173913,0.504957663288
2,0,200,8000,0.4,sem,Lab,1,0.0,0.929260450161,0.0,0.309753483387
2,0,200,8000,0.4,sem,ab,2,0.689013035382,0.118902850966,0.696132596685,0.501349494344
2,0,200,8000,0.4,sem,Lab,2,0.0,0.924548352816,0.0,0.308182784272
2,0,200,8000,0.4,campo,ab,0,0.757679180887,0.031955641484,0.641025641026,0.476886821132
2,0,200,8000,0.4,campo,Lab,0,0.893360160966,0.641495601173,0.646511627907,0.727122463349
2,0,200,8000,0.4,campo,ab,1,0.756388415673,0.0320026273537,0.70243902439,0.496943355806
2,0,200,8000,0.4,campo,Lab,1,0.88622754491,0.616606498195,0.654028436019,0.718954159708
2,0,200,8000,0.4,campo,ab,2,0.757679180887,0.031962971062,0.63829787234,0.475980008097
2,0,200,8000,0.4,campo,Lab,2,0.88622754491,0.514302393462,0.633802816901,0.678110918424
2,0,200,8000,1.0,sem,ab,0,0.732297063903,0.0131708775602,0.695652173913,0.480373371792
2,0,200,8000,1.0,sem,Lab,0,0.742556917688,0.2753125,0.607843137255,0.541904184981
2,0,200,8000,1.0,sem,ab,1,0.736111111111,0.0131702868761,0.680203045685,0.476494814557
2,0,200,8000,1.0,sem,Lab,1,0.741258741259,0.267879161529,0.616,0.541712634263
2,0,200,8000,1.0,sem,ab,2,0.737391304348,0.0131665471066,0.633027522936,0.461195124797
2,0,200,8000,1.0,sem,Lab,2,0.779411764706,0.303145523678,0.62443438914,0.568997225841
2,0,200,8000,1.0,campo,ab,0,0.750847457627,0.0343517430474,0.635593220339,0.473597473671
2,0,200,8000,1.0,campo,Lab,0,0.77855887522,0.654752851711,0.634703196347,0.689338307759
2,0,200,8000,1.0,campo,ab,1,0.757264957265,0.0339493075113,0.621145374449,0.470786546409
2,0,200,8000,1.0,campo,Lab,1,0.855212355212,0.445795339412,0.652173913043,0.651060535889
2,0,200,8000,1.0,campo,ab,2,0.75468483816,0.0339225069466,0.63025210084,0.472953148649
2,0,200,8000,1.0,campo,Lab,2,0.877227722772,0.501137656428,0.645933014354,0.674766131185
2,0,200,8000,1.5,sem,ab,0,0.72864321608,0.00901768696329,0.641025641026,0.459562181356
2,0,200,8000,1.5,sem,Lab,0,0.820754716981,0.102909611257,0.603112840467,0.508925722902
2,0,200,8000,1.5,sem,ab,1,0.72864321608,0.00901324875953,0.646551724138,0.461402729659
2,0,200,8000,1.5,sem,Lab,1,0.778175313059,0.204598779916,0.614107883817,0.532293992264
2,0,200,8000,1.5,sem,ab,2,0.739795918367,0.00901315654861,0.642201834862,0.463670303259
2,0,200,8000,1.5,sem,Lab,2,0.763157894737,0.146061730477,0.617117117117,0.50877891411
2,0,200,8000,1.5,campo,ab,0,0.703937007874,0.0211225105613,0.654708520179,0.459922679538
2,0,200,8000,1.5,campo,Lab,0,0.855513307985,0.458085451595,0.657657657658,0.657085472413
2,0,200,8000,1.5,campo,ab,1,0.698738170347,0.0211065882708,0.651785714286,0.457210157634
2,0,200,8000,1.5,campo,Lab,1,0.853889943074,0.476490825688,0.650442477876,0.660274415546
2,0,200,8000,1.5,campo,ab,2,0.703937007874,0.0210930250056,0.643171806167,0.456067279682
2,0,200,8000,1.5,campo,Lab,2,0.8078994614,0.53358925144,0.630901287554,0.657463333465
2,0,400,6200,0.4,sem,ab,0,0.764388489209,0.693100713719,0.695402298851,0.717630500593
2,0,400,6200,0.4,sem,Lab,0,0.905982905983,0.917016806723,0.675531914894,0.832843875866
2,0,400,6200,0.4,sem,ab,1,0.764388489209,0.693100713719,0.695402298851,0.717630500593
2,0,400,6200,0.4,sem,Lab,1,0.858585858586,0.927392739274,0.676300578035,0.820759725298
2,0,400,6200,0.4,sem,ab,2,0.769927536232,0.692307692308,0.695402298851,0.71921250913
2,0,400,6200,0.4,sem,Lab,2,0.905982905983,0.884073672806,0.676300578035,0.822119052275
2,0,400,6200,0.4,campo,ab,0,0.75,0.0423392943451,0.621399176955,0.4712461571
2,0,400,6200,0.4,campo,Lab,0,0.895161290323,0.657637321294,0.652173913043,0.734990841553
2,0,400,6200,0.4,campo,ab,1,0.756388415673,0.0423101127947,0.689839572193,0.496179366887
2,0,400,6200,0.4,campo,Lab,1,0.882703777336,0.667941851568,0.643192488263,0.731279372389
2,0,400,6200,0.4,campo,ab,2,0.75,0.0424040228218,0.686170212766,0.492858078529
2,0,400,6200,0.4,campo,Lab,2,0.858800773694,0.648588410104,0.62100456621,0.709464583336
2,0,400,6200,1.0,sem,ab,0,0.771186440678,0.0619369369369,0.637130801688,0.490084726434
2,0,400,6200,1.0,sem,Lab,0,0.90099009901,0.732323232323,0.622727272727,0.752013534687
2,0,400,6200,1.0,sem,ab,1,0.757071547421,0.0636919493376,0.648068669528,0.489610722095
2,0,400,6200,1.0,sem,Lab,1,0.917338709677,0.730025231287,0.665094339623,0.770819426862
2,0,400,6200,1.0,sem,ab,2,0.752066115702,0.0620894257258,0.621399176955,0.478518239461
2,0,400,6200,1.0,sem,Lab,2,0.917338709677,0.665909090909,0.688172043011,0.757139947866
2,0,400,6200,1.0,campo,ab,0,0.75296108291,0.0405774302503,0.618852459016,0.470796990726
2,0,400,6200,1.0,campo,Lab,0,0.897177419355,0.67984496124,0.650717703349,0.742580027981
2,0,400,6200,1.0,campo,ab,1,0.760683760684,0.0407231385705,0.682795698925,0.494734199393
2,0,400,6200,1.0,campo,Lab,1,0.897177419355,0.666666666667,0.62100456621,0.728282884077
2,0,400,6200,1.0,campo,ab,2,0.760683760684,0.0406194936474,0.676923076923,0.492742110418
2,0,400,6200,1.0,campo,Lab,2,0.897177419355,0.681712062257,0.625570776256,0.734820085956
2,0,400,6200,1.5,sem,ab,0,0.74115755627,0.0257753071972,0.692660550459,0.486531137975
2,0,400,6200,1.5,sem,Lab,0,0.759472817133,0.440242057489,0.647577092511,0.615763989044
2,0,400,6200,1.5,sem,ab,1,0.738782051282,0.0260396424407,0.650862068966,0.471894587563
2,0,400,6200,1.5,sem,Lab,1,0.869811320755,0.433184302037,0.596958174905,0.633317932565
2,0,400,6200,1.5,sem,ab,2,0.74115755627,0.0259295644667,0.648068669528,0.471718596755
2,0,400,6200,1.5,sem,Lab,2,0.853703703704,0.38488731772,0.640692640693,0.626427887372
2,0,400,6200,1.5,campo,ab,0,0.758793969849,0.0373397573776,0.641592920354,0.47924221586
2,0,400,6200,1.5,campo,Lab,0,0.909638554217,0.694308943089,0.637554585153,0.74716736082
2,0,400,6200,1.5,campo,ab,1,0.758793969849,0.0373602751505,0.638392857143,0.478182367381
2,0,400,6200,1.5,campo,Lab,1,0.876208897485,0.634851771511,0.635555555556,0.715538741517
2,0,400,6200,1.5,campo,ab,2,0.758793969849,0.0372996433329,0.646017699115,0.480703770766
2,0,400,6200,1.5,campo,Lab,2,0.911468812877,0.548448385054,0.628820960699,0.696246052877
2,0,400,7000,0.4,sem,ab,0,0.737704918033,0.392681838465,0.682080924855,0.604155893784
2,0,400,7000,0.4,sem,Lab,0,0.0,0.911894273128,0.0,0.303964757709
2,0,400,7000,0.4,sem,ab,1,0.737704918033,0.463169051404,0.637426900585,0.612766956674
2,0,400,7000,0.4,sem,Lab,1,0.0,0.902792140641,0.0,0.300930713547
2,0,400,7000,0.4,sem,ab,2,0.737704918033,0.393626570916,0.627906976744,0.586412821898
2,0,400,7000,0.4,sem,Lab,2,0.0,0.910694597574,0.0,0.303564865858
2,0,400,7000,0.4,campo,ab,0,0.752981260647,0.040263509467,0.650862068966,0.48136894636
2,0,400,7000,0.4,campo,Lab,0,0.848368522073,0.677519379845,0.666666666667,0.730851522862
2,0,400,7000,0.4,campo,ab,1,0.752981260647,0.0407718354284,0.678756476684,0.490836524253
2,0,400,7000,0.4,campo,Lab,1,0.882235528942,0.675404780262,0.647058823529,0.734899710911
2,0,400,7000,0.4,campo,ab,2,0.746621621622,0.040405904059,0.63179916318,0.47294222962
2,0,400,7000,0.4,campo,Lab,2,0.891129032258,0.653731343284,0.643192488263,0.729350954602
2,0,400,7000,1.0,sem,ab,0,0.743197278912,0.0253940708604,0.693548387097,0.48737991229
2,0,400,7000,1.0,sem,Lab,0,0.845261121857,0.575936883629,0.625570776256,0.682256260581
2,0,400,7000,1.0,sem,ab,1,0.734453781513,0.0253641964646,0.659192825112,0.47300360103
2,0,400,7000,1.0,sem,Lab,1,0.881048387097,0.58162590879,0.632743362832,0.698472552906
2,0,400,7000,1.0,sem,ab,2,0.741935483871,0.0253504066447,0.720812182741,0.496032691086
2,0,400,7000,1.0,sem,Lab,2,0.797445255474,0.440660991487,0.615044247788,0.617716831583
2,0,400,7000,1.0,campo,ab,0,0.742857142857,0.0436084223131,0.629166666667,0.471877410612
2,0,400,7000,1.0,campo,Lab,0,0.848368522073,0.653183520599,0.643192488263,0.714914843645
2,0,400,7000,1.0,campo,ab,1,0.744107744108,0.0431498395458,0.666666666667,0.484641416773
2,0,400,7000,1.0,campo,Lab,1,0.891129032258,0.665399239544,0.653465346535,0.736664539445
2,0,400,7000,1.0,campo,ab,2,0.749152542373,0.0436864153202,0.668316831683,0.487051929792
2,0,400,7000,1.0,campo,Lab,2,0.891129032258,0.599863667348,0.641509433962,0.710834044523
2,0,400,7000,1.5,sem,ab,0,0.732348111658,0.0136025868234,0.637130801688,0.461027166723
2,0,400,7000,1.5,sem,Lab,0,0.765008576329,0.145764394441,0.655021834061,0.52193160161
2,0,400,7000,1.5,sem,ab,1,0.732348111658,0.0135321946424,0.692660550459,0.47951361892
2,0,400,7000,1.5,sem,Lab,1,0.851145038168,0.1961221306,0.614173228346,0.553813465705
2,0,400,7000,1.5,sem,ab,2,0.744574290484,0.0135118535806,0.642857142857,0.466981095641
2,0,400,7000,1.5,sem,Lab,2,0.846299810247,0.094568484328,0.625,0.521956098192
2,0,400,7000,1.5,campo,ab,0,0.715639810427,0.031253451132,0.648068669528,0.464987310362
2,0,400,7000,1.5,campo,Lab,0,0.857954545455,0.478747203579,0.644736842105,0.66047953038
2,0,400,7000,1.5,campo,ab,1,0.728295819936,0.0311445341159,0.642533936652,0.467324763568
2,0,400,7000,1.5,campo,Lab,1,0.859582542694,0.614047791455,0.633928571429,0.702519635193
2,0,400,7000,1.5,campo,ab,2,0.73064516129,0.0313874819772,0.655963302752,0.47266531534
2,0,400,7000,1.5,campo,Lab,2,0.867816091954,0.434760185663,0.611607142857,0.638061140158
2,0,400,8000,0.4,sem,ab,0,0.700934579439,0.115779768177,0.693548387097,0.503420911571
2,0,400,8000,0.4,sem,Lab,0,0.0,0.918776371308,0.0,0.306258790436
2,0,400,8000,0.4,sem,ab,1,0.700934579439,0.109590745118,0.686170212766,0.498898512441
2,0,400,8000,0.4,sem,Lab,1,0.0,0.918690601901,0.0,0.306230200634
2,0,400,8000,0.4,sem,ab,2,0.700934579439,0.113919129082,0.686486486486,0.500446731669
2,0,400,8000,0.4,sem,Lab,2,0.0,0.917721518987,0.0,0.305907172996
2,0,400,8000,0.4,campo,ab,0,0.758974358974,0.0394115265218,0.686170212766,0.494852032754
2,0,400,8000,0.4,campo,Lab,0,0.872298624754,0.678571428571,0.640909090909,0.730593048078
2,0,400,8000,0.4,campo,ab,1,0.758974358974,0.0395283700759,0.633333333333,0.477278687461
2,0,400,8000,0.4,campo,Lab,1,0.89314516129,0.65987933635,0.631578947368,0.728201148336
2,0,400,8000,0.4,campo,ab,2,0.758974358974,0.0395883176094,0.628820960699,0.475794545761
2,0,400,8000,0.4,campo,Lab,2,0.895161290323,0.659638554217,0.631578947368,0.728792930636
2,0,400,8000,1.0,sem,ab,0,0.729914529915,0.0134403270836,0.691244239631,0.478199698876
2,0,400,8000,1.0,sem,Lab,0,0.746503496503,0.23754789272,0.603112840467,0.52905474323
2,0,400,8000,1.0,sem,ab,1,0.729914529915,0.0134380719951,0.665198237885,0.469516946598
2,0,400,8000,1.0,sem,Lab,1,0.743902439024,0.240371483201,0.612,0.532091307409
2,0,400,8000,1.0,sem,ab,2,0.737478411054,0.0134423778208,0.643192488263,0.464704425712
2,0,400,8000,1.0,sem,Lab,2,0.759786476868,0.261451516954,0.619909502262,0.547049165362
2,0,400,8000,1.0,campo,ab,0,0.750424448217,0.0398484571846,0.668181818182,0.486151574528
2,0,400,8000,1.0,campo,Lab,0,0.891129032258,0.572944297082,0.628959276018,0.697677535119
2,0,400,8000,1.0,campo,ab,1,0.749152542373,0.0398835781527,0.680751173709,0.489929098078
2,0,400,8000,1.0,campo,Lab,1,0.891129032258,0.602536997886,0.656862745098,0.716842925081
2,0,400,8000,1.0,campo,ab,2,0.749152542373,0.0399035399035,0.693989071038,0.494348384438
2,0,400,8000,1.0,campo,Lab,2,0.864970645793,0.582504970179,0.634259259259,0.693911625077
2,0,400,8000,1.5,sem,ab,0,0.725457570715,0.00917986271933,0.65367965368,0.462772362371
2,0,400,8000,1.5,sem,Lab,0,0.802946593002,0.231761917303,0.629955947137,0.554888152481
2,0,400,8000,1.5,sem,ab,1,0.727879799666,0.00919540229885,0.650862068966,0.462645756977
2,0,400,8000,1.5,sem,Lab,1,0.726666666667,0.237348734873,0.596153846154,0.520056415898
2,0,400,8000,1.5,sem,ab,2,0.727879799666,0.00918789825524,0.665198237885,0.467421978602
2,0,400,8000,1.5,sem,Lab,2,0.760907504363,0.0567548061151,0.0,0.272554103493
2,0,400,8000,1.5,campo,ab,0,0.713607594937,0.0241119298145,0.615384615385,0.451034713379
2,0,400,8000,1.5,campo,Lab,0,0.835185185185,0.411337209302,0.645739910314,0.6307541016
2,0,400,8000,1.5,campo,ab,1,0.714738510301,0.0242127965492,0.660633484163,0.466528263671
2,0,400,8000,1.5,campo,Lab,1,0.84934086629,0.555482166446,0.637168141593,0.680663724776
2,0,400,8000,1.5,campo,ab,2,0.713607594937,0.0242714248652,0.668202764977,0.46869392826
2,0,400,8000,1.5,campo,Lab,2,0.862332695985,0.441896821261,0.663636363636,0.655955293627
2,0,600,6200,0.4,sem,ab,0,0.760869565217,0.713459950454,0.687150837989,0.72049345122
2,0,600,6200,0.4,sem,Lab,0,0.890792291221,0.874862788145,0.68156424581,0.815739775059
2,0,600,6200,0.4,sem,ab,1,0.760869565217,0.720735785953,0.668639053254,0.716748134808
2,0,600,6200,0.4,sem,Lab,1,0.890792291221,0.872294372294,0.68156424581,0.814883636442
2,0,600,6200,0.4,sem,ab,2,0.760869565217,0.692551505547,0.678362573099,0.710594547955
2,0,600,6200,0.4,sem,Lab,2,0.848484848485,0.882028665932,0.690217391304,0.806910301907
2,0,600,6200,0.4,campo,ab,0,0.744107744108,0.0395784331464,0.616935483871,0.466873887042
2,0,600,6200,0.4,campo,Lab,0,0.86328125,0.635174418605,0.649289099526,0.71591492271
2,0,600,6200,0.4,campo,ab,1,0.744107744108,0.0398397304558,0.663636363636,0.482527946067
2,0,600,6200,0.4,campo,Lab,1,0.891129032258,0.589898989899,0.644549763033,0.708525928397
2,0,600,6200,0.4,campo,ab,2,0.747884940778,0.0396775070206,0.699481865285,0.495681437695
2,0,600,6200,0.4,campo,Lab,2,0.892929292929,0.512009373169,0.679611650485,0.694850105528
2,0,600,6200,1.0,sem,ab,0,0.751252086811,0.0589616313389,0.695187165775,0.501800294642
2,0,600,6200,1.0,sem,Lab,0,0.907258064516,0.729184188394,0.653846153846,0.763429468919
2,0,600,6200,1.0,sem,ab,1,0.756302521008,0.0601498543083,0.663414634146,0.493289003154
2,0,600,6200,1.0,sem,Lab,1,0.907070707071,0.740103270224,0.649289099526,0.765487692274
2,0,600,6200,1.0,sem,ab,2,0.755033557047,0.0600041239948,0.691542288557,0.5021933232
2,0,600,6200,1.0,sem,Lab,2,0.87890625,0.741116751269,0.657276995305,0.759099998858
2,0,600,6200,1.0,campo,ab,0,0.757264957265,0.0376168825598,0.678217821782,0.491033220536
2,0,600,6200,1.0,campo,Lab,0,0.89314516129,0.53709380748,0.655813953488,0.695350974086
2,0,600,6200,1.0,campo,ab,1,0.749576988156,0.0376330243735,0.669724770642,0.485644927724
2,0,600,6200,1.0,campo,Lab,1,0.878968253968,0.625446747677,0.66511627907,0.723177093572
2,0,600,6200,1.0,campo,ab,2,0.757264957265,0.0374512576595,0.686567164179,0.493761126368
2,0,600,6200,1.0,campo,Lab,2,0.89314516129,0.487995533222,0.646226415094,0.675789036535
2,0,600,6200,1.5,sem,ab,0,0.753311258278,0.0248370870013,0.641592920354,0.473247088544
2,0,600,6200,1.5,sem,Lab,0,0.876685934489,0.343213728549,0.64224137931,0.620713680783
2,0,600,6200,1.5,sem,ab,1,0.737439222042,0.0247698315423,0.645299145299,0.469169399628
2,0,600,6200,1.5,sem,Lab,1,0.88693957115,0.365600332364,0.639484978541,0.630674960685
2,0,600,6200,1.5,sem,ab,2,0.749588138386,0.0248184365529,0.660633484163,0.478346686367
2,0,600,6200,1.5,sem,Lab,2,0.865019011407,0.442190669371,0.654708520179,0.653972733652
2,0,600,6200,1.5,campo,ab,0,0.733113673806,0.0342606496483,0.700507614213,0.489293979222
2,0,600,6200,1.5,campo,Lab,0,0.857418111753,0.591989137814,0.630434782609,0.693280677392
2,0,600,6200,1.5,campo,ab,1,0.741666666667,0.0342906806779,0.692660550459,0.489539299268
2,0,600,6200,1.5,campo,Lab,1,0.897177419355,0.551637279597,0.632034632035,0.693616443662
2,0,600,6200,1.5,campo,ab,2,0.744147157191,0.0340275627129,0.674528301887,0.484234340597
2,0,600,6200,1.5,campo,Lab,2,0.893574297189,0.445524296675,0.633187772926,0.65742878893
2,0,600,7000,0.4,sem,ab,0,0.73840445269,0.389184397163,0.662721893491,0.596770247781
2,0,600,7000,0.4,sem,Lab,0,0.0,0.906900328587,0.0,0.302300109529
2,0,600,7000,0.4,sem,ab,1,0.73840445269,0.38925876609,0.695652173913,0.607771797564
2,0,600,7000,0.4,sem,Lab,1,0.0,0.877753303965,0.0,0.292584434655
2,0,600,7000,0.4,sem,ab,2,0.73840445269,0.436063936064,0.668539325843,0.614335904866
2,0,600,7000,0.4,sem,Lab,2,0.0,0.889243876464,0.0,0.296414625488
2,0,600,7000,0.4,campo,ab,0,0.756388415673,0.0378614340666,0.638655462185,0.477635103975
2,0,600,7000,0.4,campo,Lab,0,0.895161290323,0.578114700066,0.636363636364,0.703213208917
2,0,600,7000,0.4,campo,ab,1,0.75,0.0378581615454,0.639830508475,0.47589622334
2,0,600,7000,0.4,campo,Lab,1,0.895161290323,0.662586074981,0.654205607477,0.737317657593
2,0,600,7000,0.4,campo,ab,2,0.755102040816,0.0378142171073,0.625514403292,0.472810220405
2,0,600,7000,0.4,campo,Lab,2,0.877470355731,0.493005036374,0.633484162896,0.667986518334
2,0,600,7000,1.0,sem,ab,0,0.746575342466,0.0244173449262,0.698924731183,0.489972472858
2,0,600,7000,1.0,sem,Lab,0,0.879032258065,0.580901856764,0.66028708134,0.706740398723
2,0,600,7000,1.0,sem,ab,1,0.742759795571,0.024297772243,0.691588785047,0.486215450953
2,0,600,7000,1.0,sem,Lab,1,0.77304964539,0.588594704684,0.638392857143,0.666679069072
2,0,600,7000,1.0,sem,ab,2,0.742759795571,0.0239638363924,0.697297297297,0.48800697642
2,0,600,7000,1.0,sem,Lab,2,0.759581881533,0.591492234976,0.662037037037,0.671037051182
2,0,600,7000,1.0,campo,ab,0,0.752122241087,0.0396169309301,0.632478632479,0.474739268165
2,0,600,7000,1.0,campo,Lab,0,0.898580121704,0.538461538462,0.644549763033,0.693863807733
2,0,600,7000,1.0,campo,ab,1,0.752122241087,0.0394115265218,0.663507109005,0.485013625538
2,0,600,7000,1.0,campo,Lab,1,0.89314516129,0.518738845925,0.657276995305,0.689720334174
2,0,600,7000,1.0,campo,ab,2,0.752122241087,0.0394357310258,0.633333333333,0.474963768482
2,0,600,7000,1.0,campo,Lab,2,0.878968253968,0.564020486556,0.645933014354,0.696307251626
2,0,600,7000,1.5,sem,ab,0,0.732231404959,0.012950024476,0.677130044843,0.474103824759
2,0,600,7000,1.5,sem,Lab,0,0.818853974122,0.256253635835,0.640692640693,0.571933416883
2,0,600,7000,1.5,sem,ab,1,0.732231404959,0.0128818119343,0.7,0.481704405631
2,0,600,7000,1.5,sem,Lab,1,0.803992740472,0.196301247772,0.615384615385,0.538559534543
2,0,600,7000,1.5,sem,ab,2,0.732231404959,0.0128801169591,0.659388646288,0.468166722735
2,0,600,7000,1.5,sem,Lab,2,0.848659003831,0.311528731478,0.626016260163,0.595401331824
2,0,600,7000,1.5,campo,ab,0,0.73572593801,0.0297383579707,0.648401826484,0.471288707488
2,0,600,7000,1.5,campo,Lab,0,0.740558292282,0.445373758495,0.651785714286,0.612572588354
2,0,600,7000,1.5,campo,ab,1,0.72859450727,0.0300997408867,0.646808510638,0.468500919598
2,0,600,7000,1.5,campo,Lab,1,0.909274193548,0.40466000951,0.634782608696,0.649572270585
2,0,600,7000,1.5,campo,ab,2,0.738134206219,0.0300794551646,0.656108597285,0.474774086223
2,0,600,7000,1.5,campo,Lab,2,0.909274193548,0.447534102833,0.655963302752,0.670923866378
2,0,600,8000,0.4,sem,ab,0,0.711832061069,0.100882723834,0.711111111111,0.507941965338
2,0,600,8000,0.4,sem,Lab,0,0.0,0.891005291005,0.0,0.297001763668
2,0,600,8000,0.4,sem,ab,1,0.711832061069,0.10455412494,0.695187165775,0.503857783928
2,0,600,8000,0.4,sem,Lab,1,0.0,0.916313559322,0.0,0.305437853107
2,0,600,8000,0.4,sem,ab,2,0.711832061069,0.10092900562,0.703296703297,0.505352589995
2,0,600,8000,0.4,sem,Lab,2,0.0,0.90202342918,0.0,0.300674476393
2,0,600,8000,0.4,campo,ab,0,0.748310810811,0.0357142857143,0.702702702703,0.495575933076
2,0,600,8000,0.4,campo,Lab,0,0.80987202925,0.671274961598,0.643192488263,0.708113159704
2,0,600,8000,0.4,campo,ab,1,0.75468483816,0.0357622907417,0.668341708543,0.486262945815
2,0,600,8000,0.4,campo,Lab,1,0.850287907869,0.549623115578,0.644230769231,0.681380597559
2,0,600,8000,0.4,campo,ab,2,0.755972696246,0.0358045836392,0.666666666667,0.486147982184
2,0,600,8000,0.4,campo,Lab,2,0.86186770428,0.644493717664,0.647619047619,0.717993489855
2,0,600,8000,1.0,sem,ab,0,0.741258741259,0.0128098873137,0.704301075269,0.486123234614
2,0,600,8000,1.0,sem,Lab,0,0.828125,0.262402869097,0.654205607477,0.581577825525
2,0,600,8000,1.0,sem,ab,1,0.743859649123,0.0128085836411,0.665024630542,0.473897621102
2,0,600,8000,1.0,sem,Lab,1,0.746478873239,0.291929591498,0.608527131783,0.548978532173
2,0,600,8000,1.0,sem,ab,2,0.739965095986,0.0127905117658,0.675799086758,0.47618489817
2,0,600,8000,1.0,sem,Lab,2,0.829745596869,0.310052910053,0.634854771784,0.591551092902
2,0,600,8000,1.0,campo,ab,0,0.75468483816,0.0360345468821,0.615384615385,0.468701333476
2,0,600,8000,1.0,campo,Lab,0,0.89314516129,0.479019073569,0.647619047619,0.67326109416
2,0,600,8000,1.0,campo,ab,1,0.75468483816,0.036137123056,0.712820512821,0.501214158012
2,0,600,8000,1.0,campo,Lab,1,0.89314516129,0.510428736964,0.666666666667,0.690080188307
2,0,600,8000,1.0,campo,ab,2,0.755972696246,0.0361455748553,0.702702702703,0.498273657935
2,0,600,8000,1.0,campo,Lab,2,0.796762589928,0.652529761905,0.651162790698,0.700151714177
2,0,600,8000,1.5,sem,ab,0,0.746551724138,0.00895400895401,0.655172413793,0.470226048962
2,0,600,8000,1.5,sem,Lab,0,0.749134948097,0.115293498289,0.61328125,0.492569898795
2,0,600,8000,1.5,sem,ab,1,0.726510067114,0.0089638593489,0.671111111111,0.468861679191
2,0,600,8000,1.5,sem,Lab,1,0.813909774436,0.103883611879,0.628099173554,0.515297519956
2,0,600,8000,1.5,sem,ab,2,0.726510067114,0.0089455633466,0.659388646288,0.46494809225
2,0,600,8000,1.5,sem,Lab,2,0.749134948097,0.120580981091,0.606177606178,0.491964511788
2,0,600,8000,1.5,campo,ab,0,0.696734059098,0.0227726512331,0.52508361204,0.41486344079
2,0,600,8000,1.5,campo,Lab,0,0.848484848485,0.530754597337,0.638392857143,0.672544100988
2,0,600,8000,1.5,campo,ab,1,0.709728867624,0.0227745508578,0.677130044843,0.469877821108
2,0,600,8000,1.5,campo,Lab,1,0.863198458574,0.406066536204,0.640350877193,0.63653862399
2,0,600,8000,1.5,campo,ab,2,0.68501529052,0.0227573004018,0.638655462185,0.448809351036
2,0,600,8000,1.5,campo,Lab,2,0.835820895522,0.46393442623,0.631578947368,0.643778089707
2,0,800,6200,0.4,sem,ab,0,0.771171171171,0.70340356564,0.653179190751,0.709251309188
2,0,800,6200,0.4,sem,Lab,0,0.907922912206,0.884573894283,0.684782608696,0.825759805061
2,0,800,6200,0.4,sem,ab,1,0.771171171171,0.70340356564,0.653179190751,0.709251309188
2,0,800,6200,0.4,sem,Lab,1,0.907922912206,0.885529157667,0.685714285714,0.826388785196
2,0,800,6200,0.4,sem,ab,2,0.771171171171,0.688485804416,0.659793814433,0.706483596674
2,0,800,6200,0.4,sem,Lab,2,0.907922912206,0.884573894283,0.682080924855,0.824859243781
2,0,800,6200,0.4,campo,ab,0,0.749579831933,0.0431682973598,0.702127659574,0.498291929622
2,0,800,6200,0.4,campo,Lab,0,0.90101010101,0.657854984894,0.668269230769,0.742378105558
2,0,800,6200,0.4,campo,ab,1,0.749579831933,0.0431191307341,0.686486486486,0.493061816384
2,0,800,6200,0.4,campo,Lab,1,0.857692307692,0.650449101796,0.665071770335,0.724404393275
2,0,800,6200,0.4,campo,ab,2,0.749579831933,0.043156961277,0.699453551913,0.497396781707
2,0,800,6200,0.4,campo,Lab,2,0.864341085271,0.637554585153,0.705555555556,0.735817075327
2,0,800,6200,1.0,sem,ab,0,0.750825082508,0.0658520027155,0.634453781513,0.483710288912
2,0,800,6200,1.0,sem,Lab,0,0.908183632735,0.714636140638,0.663366336634,0.762062036669
2,0,800,6200,1.0,sem,ab,1,0.750825082508,0.0657874905803,0.64406779661,0.486893456566
2,0,800,6200,1.0,sem,Lab,1,0.917338709677,0.64437913299,0.646226415094,0.735981419254
2,0,800,6200,1.0,sem,ab,2,0.752066115702,0.0650166235685,0.620833333333,0.479305357535
2,0,800,6200,1.0,sem,Lab,2,0.915492957746,0.693844924061,0.640186915888,0.749841599232
2,0,800,6200,1.0,campo,ab,0,0.752107925801,0.0415264280635,0.67,0.487878117955
2,0,800,6200,1.0,campo,Lab,0,0.879684418146,0.64275147929,0.638095238095,0.720177045177
2,0,800,6200,1.0,campo,ab,1,0.748322147651,0.0415103300879,0.637130801688,0.475654426476
2,0,800,6200,1.0,campo,Lab,1,0.89378757515,0.664388762339,0.638095238095,0.732090525195
2,0,800,6200,1.0,campo,ab,2,0.748322147651,0.0413851750366,0.629166666667,0.472957996451
2,0,800,6200,1.0,campo,Lab,2,0.902834008097,0.667438271605,0.652582159624,0.740951479776
2,0,800,6200,1.5,sem,ab,0,0.731319554849,0.0261378999549,0.6866359447,0.481364466501
2,0,800,6200,1.5,sem,Lab,0,0.855018587361,0.344378698225,0.644144144144,0.61451380991
2,0,800,6200,1.5,sem,ab,1,0.731319554849,0.0261553707096,0.674757281553,0.477410735704
2,0,800,6200,1.5,sem,Lab,1,0.858208955224,0.363825363825,0.632286995516,0.618107104855
2,0,800,6200,1.5,sem,ab,2,0.73482428115,0.0261567601696,0.646511627907,0.469164223076
2,0,800,6200,1.5,sem,Lab,2,0.845588235294,0.453790238837,0.646288209607,0.648555561246
2,0,800,6200,1.5,campo,ab,0,0.740495867769,0.0367126978781,0.653333333333,0.47684729966
2,0,800,6200,1.5,campo,Lab,0,0.854961832061,0.759965337955,0.628318584071,0.747748584696
2,0,800,6200,1.5,campo,ab,1,0.744186046512,0.0369396496883,0.651583710407,0.477569802202
2,0,800,6200,1.5,campo,Lab,1,0.861538461538,0.504357931435,0.626666666667,0.664187686547
2,0,800,6200,1.5,campo,ab,2,0.73805601318,0.0367115222876,0.69,0.488255845156
2,0,800,6200,1.5,campo,Lab,2,0.903225806452,0.577926421405,0.620535714286,0.700562647381
2,0,800,7000,0.4,sem,ab,0,0.747697974217,0.408899297424,0.662721893491,0.606439721711
2,0,800,7000,0.4,sem,Lab,0,0.0,0.91693989071,0.0,0.305646630237
2,0,800,7000,0.4,sem,ab,1,0.747697974217,0.413156649314,0.662721893491,0.607858839007
2,0,800,7000,0.4,sem,Lab,1,0.0,0.879253567508,0.0,0.293084522503
2,0,800,7000,0.4,sem,ab,2,0.749077490775,0.407631456491,0.662721893491,0.606476946919
2,0,800,7000,0.4,sem,Lab,2,0.0,0.895187165775,0.676300578035,0.523829247937
2,0,800,7000,0.4,campo,ab,0,0.749579831933,0.0412560705361,0.703296703297,0.498044201922
2,0,800,7000,0.4,campo,Lab,0,0.892,0.641703377386,0.638888888889,0.724197422092
2,0,800,7000,0.4,campo,ab,1,0.754653130288,0.0414974978756,0.640186915888,0.47877918135
2,0,800,7000,0.4,campo,Lab,1,0.897384305835,0.657379518072,0.626126126126,0.726963316678
2,0,800,7000,0.4,campo,ab,2,0.750841750842,0.0412312905959,0.695652173913,0.495908405117
2,0,800,7000,0.4,campo,Lab,2,0.89378757515,0.648286140089,0.655339805825,0.732471173688
2,0,800,7000,1.0,sem,ab,0,0.728785357737,0.0252363219708,0.635593220339,0.463204966682
2,0,800,7000,1.0,sem,Lab,0,0.883064516129,0.329962546816,0.657777777778,0.623601613574
2,0,800,7000,1.0,sem,ab,1,0.734899328859,0.0252228496088,0.663636363636,0.474586180701
2,0,800,7000,1.0,sem,Lab,1,0.853801169591,0.569850552307,0.633484162896,0.685711961598
2,0,800,7000,1.0,sem,ab,2,0.755671902269,0.0252626743986,0.653333333333,0.478089303334
2,0,800,7000,1.0,sem,Lab,2,0.860510805501,0.570496083551,0.617117117117,0.682708002056
2,0,800,7000,1.0,campo,ab,0,0.745791245791,0.0448671931084,0.646551724138,0.479070054346
2,0,800,7000,1.0,campo,Lab,0,0.870333988212,0.660076045627,0.643835616438,0.724748550093
2,0,800,7000,1.0,campo,ab,1,0.745791245791,0.0448127685697,0.67,0.486868004787
2,0,800,7000,1.0,campo,Lab,1,0.89314516129,0.68125,0.637614678899,0.737336613396
2,0,800,7000,1.0,campo,ab,2,0.740802675585,0.0441744892325,0.623430962343,0.46946937572
2,0,800,7000,1.0,campo,Lab,2,0.86186770428,0.584171696848,0.638009049774,0.694682816967
2,0,800,7000,1.5,sem,ab,0,0.724306688418,0.013284422505,0.675799086758,0.471130065894
2,0,800,7000,1.5,sem,Lab,0,0.753820033956,0.10714720565,0.659192825112,0.506720021573
2,0,800,7000,1.5,sem,ab,1,0.723127035831,0.0132981132075,0.677272727273,0.471232625437
2,0,800,7000,1.5,sem,Lab,1,0.75,0.249928997444,0.649350649351,0.549759882265
2,0,800,7000,1.5,sem,ab,2,0.724306688418,0.0133837070574,0.645021645022,0.460904013499
2,0,800,7000,1.5,sem,Lab,2,0.756388415673,0.295103957076,0.65350877193,0.568333714893
2,0,800,7000,1.5,campo,ab,0,0.73182552504,0.0319137023627,0.660550458716,0.474763228706
2,0,800,7000,1.5,campo,Lab,0,0.864503816794,0.458377801494,0.648401826484,0.657094481591
2,0,800,7000,1.5,campo,ab,1,0.733766233766,0.0318286606678,0.657777777778,0.474457557404
2,0,800,7000,1.5,campo,Lab,1,0.869481765835,0.524218270999,0.622222222222,0.671974086352
2,0,800,7000,1.5,campo,ab,2,0.73064516129,0.0319256189089,0.638009049774,0.466859943324
2,0,800,7000,1.5,campo,Lab,2,0.856332703214,0.430576441103,0.631111111111,0.639340085142
2,0,800,8000,0.4,sem,ab,0,0.711069418386,0.118081676518,0.686486486486,0.50521252713
2,0,800,8000,0.4,sem,Lab,0,0.0,0.916842105263,0.0,0.305614035088
2,0,800,8000,0.4,sem,ab,1,0.711069418386,0.118415734878,0.681081081081,0.503522078115
2,0,800,8000,0.4,sem,Lab,1,0.0,0.920634920635,0.0,0.306878306878
2,0,800,8000,0.4,sem,ab,2,0.711069418386,0.118081676518,0.701657458564,0.510269517823
2,0,800,8000,0.4,sem,Lab,2,0.0,0.915433403805,0.0,0.305144467935
2,0,800,8000,0.4,campo,ab,0,0.751689189189,0.0396839811115,0.697802197802,0.496391789368
2,0,800,8000,0.4,campo,Lab,0,0.8953722334,0.581781914894,0.663461538462,0.713538562252
2,0,800,8000,0.4,campo,ab,1,0.751689189189,0.0400329037565,0.675531914894,0.48908466928
2,0,800,8000,0.4,campo,Lab,1,0.897177419355,0.586229946524,0.641860465116,0.708422610332
2,0,800,8000,0.4,campo,ab,2,0.751689189189,0.0398979777737,0.628691983122,0.473426383362
2,0,800,8000,0.4,campo,Lab,2,0.897177419355,0.64238410596,0.643192488263,0.727584671193
2,0,800,8000,1.0,sem,ab,0,0.732993197279,0.0132079997601,0.647826086957,0.464675761332
2,0,800,8000,1.0,sem,Lab,0,0.744386873921,0.248589164786,0.649350649351,0.547442229352
2,0,800,8000,1.0,sem,ab,1,0.732993197279,0.0132159913495,0.660714285714,0.468974491448
2,0,800,8000,1.0,sem,Lab,1,0.807116104869,0.250997150997,0.634453781513,0.56418901246
2,0,800,8000,1.0,sem,ab,2,0.734241908007,0.0133719871289,0.660714285714,0.46944272695
2,0,800,8000,1.0,sem,Lab,2,0.744386873921,0.276381909548,0.635983263598,0.552250682356
2,0,800,8000,1.0,campo,ab,0,0.75,0.0406839349428,0.702127659574,0.497603864839
2,0,800,8000,1.0,campo,Lab,0,0.899193548387,0.591683708248,0.638095238095,0.709657498243
2,0,800,8000,1.0,campo,ab,1,0.751260504202,0.0407783260404,0.677419354839,0.489819395027
2,0,800,8000,1.0,campo,Lab,1,0.901209677419,0.612994350282,0.647058823529,0.72042095041
2,0,800,8000,1.0,campo,ab,2,0.753794266442,0.0408602150538,0.637130801688,0.477261761061
2,0,800,8000,1.0,campo,Lab,2,0.866279069767,0.474165769645,0.628959276018,0.656468038477
2,0,800,8000,1.5,sem,ab,0,0.717569786535,0.00904344966498,0.645299145299,0.457304127166
2,0,800,8000,1.5,sem,Lab,0,0.842003853565,0.215754272975,0.592452830189,0.550070318909
2,0,800,8000,1.5,sem,ab,1,0.71875,0.00903784404846,0.654867256637,0.460885033562
2,0,800,8000,1.5,sem,Lab,1,0.843629343629,0.204757462687,0.62,0.556128935439
2,0,800,8000,1.5,sem,ab,2,0.71875,0.00902943802009,0.647826086957,0.458535174992
2,0,800,8000,1.5,sem,Lab,2,0.780357142857,0.0735596707819,0.62389380531,0.49260353965
2,0,800,8000,1.5,campo,ab,0,0.707355242567,0.0244360359319,0.657657657658,0.463149645385
2,0,800,8000,1.5,campo,Lab,0,0.860952380952,0.414431984398,0.647058823529,0.640814396293
2,0,800,8000,1.5,campo,ab,1,0.705148205928,0.0243804034582,0.621739130435,0.45042257994
2,0,800,8000,1.5,campo,Lab,1,0.865900383142,0.519041769042,0.638392857143,0.674445003109
2,0,800,8000,1.5,campo,ab,2,0.707355242567,0.0243726772493,0.683720930233,0.471816283349
2,0,800,8000,1.5,campo,Lab,2,0.841713221601,0.428066633014,0.620535714286,0.630105189634
2,1,0,6200,0.4,sem,ab,0,0.830667920978,0.719827586207,0.610619469027,0.720371658737
2,1,0,6200,0.4,sem,Lab,0,0.911949685535,0.858611825193,0.53125,0.767270503576
2,1,0,6200,0.4,sem,ab,1,0.833174451859,0.719827586207,0.544117647059,0.699039895042
2,1,0,6200,0.4,sem,Lab,1,0.9089958159,0.858611825193,0.514705882353,0.760771174482
2,1,0,6200,0.4,sem,ab,2,0.828436018957,0.719827586207,0.528571428571,0.692278344579
2,1,0,6200,0.4,sem,Lab,2,0.772536687631,0.858611825193,0.0,0.543716170941
2,1,0,6200,0.4,campo,ab,0,0.823737821081,0.373231773667,0.507142857143,0.568037483963
2,1,0,6200,0.4,campo,Lab,0,0.869850187266,0.684630738523,0.386597938144,0.647026287978
2,1,0,6200,0.4,campo,ab,1,0.82593250444,0.372017353579,0.510791366906,0.569580408309
2,1,0,6200,0.4,campo,Lab,1,0.866604477612,0.578414839798,0.355450236967,0.600156518125
2,1,0,6200,0.4,campo,ab,2,0.825199645075,0.491404011461,0.524475524476,0.613693060337
2,1,0,6200,0.4,campo,Lab,2,0.870665417057,0.684630738523,0.401069518717,0.652121891432
2,1,0,6200,1.0,sem,ab,0,0.825663716814,0.446614583333,0.503546099291,0.591941466479
2,1,0,6200,1.0,sem,Lab,0,0.870009285051,0.695652173913,0.394736842105,0.653466100356
2,1,0,6200,1.0,sem,ab,1,0.827555555556,0.442580645161,0.503546099291,0.591227433336
2,1,0,6200,1.0,sem,Lab,1,0.870009285051,0.665346534653,0.396825396825,0.64406040551
2,1,0,6200,1.0,sem,ab,2,0.827555555556,0.444876783398,0.503546099291,0.591992812748
2,1,0,6200,1.0,sem,Lab,2,0.870817843866,0.695652173913,0.394736842105,0.653735619961
2,1,0,6200,1.0,campo,ab,0,0.840145322434,0.379424778761,0.474683544304,0.564751215166
2,1,0,6200,1.0,campo,Lab,0,0.872300469484,0.526073619632,0.398936170213,0.599103419776
2,1,0,6200,1.0,campo,ab,1,0.836529680365,0.375684556407,0.5,0.570738078924
2,1,0,6200,1.0,campo,Lab,1,0.872300469484,0.526073619632,0.405405405405,0.601259831507
2,1,0,6200,1.0,campo,ab,2,0.829616413916,0.374863387978,0.40625,0.536909933965
2,1,0,6200,1.0,campo,Lab,2,0.872300469484,0.697154471545,0.398936170213,0.656130370414
2,1,0,6200,1.5,sem,ab,0,0.815104166667,0.262433052793,0.48502994012,0.52085571986
2,1,0,6200,1.5,sem,Lab,0,0.867525298988,0.444876783398,0.427777777778,0.580059953388
2,1,0,6200,1.5,sem,ab,1,0.829955947137,0.262433052793,0.441988950276,0.511459316735
2,1,0,6200,1.5,sem,Lab,1,0.869926199262,0.446033810143,0.435028248588,0.583662752664
2,1,0,6200,1.5,sem,ab,2,0.830687830688,0.262433052793,0.451428571429,0.514849818303
2,1,0,6200,1.5,sem,Lab,2,0.866727941176,0.448366013072,0.435028248588,0.583374067612
2,1,0,6200,1.5,campo,ab,0,0.835860838537,0.343343343343,0.509933774834,0.563045985572
2,1,0,6200,1.5,campo,Lab,0,0.873370577281,0.518126888218,0.455621301775,0.615706255758
2,1,0,6200,1.5,campo,ab,1,0.821302816901,0.451910408432,0.525641025641,0.599618083658
2,1,0,6200,1.5,campo,Lab,1,0.84664246824,0.519696969697,0.5,0.622113145979
2,1,0,6200,1.5,campo,ab,2,0.822026431718,0.451910408432,0.525641025641,0.599859288597
2,1,0,6200,1.5,campo,Lab,2,0.870937790158,0.519696969697,0.455621301775,0.61541868721
2,1,0,7000,0.4,sem,ab,0,0.790874524715,0.664077669903,0.538461538462,0.66447124436
2,1,0,7000,0.4,sem,Lab,0,0.0,0.904761904762,0.0,0.301587301587
2,1,0,7000,0.4,sem,ab,1,0.794481446242,0.664077669903,0.584745762712,0.681101626285
2,1,0,7000,0.4,sem,Lab,1,0.0,0.855,0.0,0.285
2,1,0,7000,0.4,sem,ab,2,0.790874524715,0.664077669903,0.532374100719,0.662442098446
2,1,0,7000,0.4,sem,Lab,2,0.0,0.904761904762,0.0,0.301587301587
2,1,0,7000,0.4,campo,ab,0,0.83771532185,0.372017353579,0.480769230769,0.563500635399
2,1,0,7000,0.4,campo,Lab,0,0.873120300752,0.51656626506,0.364532019704,0.584739528506
2,1,0,7000,0.4,campo,ab,1,0.83771532185,0.372421281216,0.507142857143,0.572426486736
2,1,0,7000,0.4,campo,Lab,1,0.869036482694,0.581355932203,0.357142857143,0.602511757347
2,1,0,7000,0.4,campo,ab,2,0.836827711942,0.369214208827,0.524822695035,0.576954871935
2,1,0,7000,0.4,campo,Lab,2,0.869850187266,0.51656626506,0.407608695652,0.598008382659
2,1,0,7000,1.0,sem,ab,0,0.802951388889,0.240701754386,0.528169014085,0.52394071912
2,1,0,7000,1.0,sem,Lab,0,0.871698113208,0.630514705882,0.358851674641,0.620354831244
2,1,0,7000,1.0,sem,ab,1,0.825929283772,0.241549295775,0.441176470588,0.502885016711
2,1,0,7000,1.0,sem,Lab,1,0.881112176414,0.495664739884,0.423728813559,0.600168576619
2,1,0,7000,1.0,sem,ab,2,0.82224247949,0.329807692308,0.441176470588,0.531075547462
2,1,0,7000,1.0,sem,Lab,2,0.880038387716,0.634011090573,0.421348314607,0.645132597632
2,1,0,7000,1.0,campo,ab,0,0.830615942029,0.383668903803,0.503546099291,0.572610315041
2,1,0,7000,1.0,campo,Lab,0,0.868347338936,0.52688172043,0.405405405405,0.600211488257
2,1,0,7000,1.0,campo,ab,1,0.832129963899,0.384960718294,0.503546099291,0.573545593828
2,1,0,7000,1.0,campo,Lab,1,0.870786516854,0.622222222222,0.405405405405,0.632804714827
2,1,0,7000,1.0,campo,ab,2,0.831985624438,0.387133182844,0.517730496454,0.578949767912
2,1,0,7000,1.0,campo,Lab,2,0.870786516854,0.642322097378,0.405405405405,0.639504673213
2,1,0,7000,1.5,sem,ab,0,0.80990990991,0.093818380744,0.535211267606,0.47964651942
2,1,0,7000,1.5,sem,Lab,0,0.870577281192,0.260440394837,0.439306358382,0.523441344803
2,1,0,7000,1.5,sem,ab,1,0.817383669886,0.0791234140715,0.473053892216,0.456520325391
2,1,0,7000,1.5,sem,Lab,1,0.870577281192,0.241889985896,0.439306358382,0.517257875156
2,1,0,7000,1.5,sem,ab,2,0.78,0.0934350313266,0.487804878049,0.453746636458
2,1,0,7000,1.5,sem,Lab,2,0.838914027149,0.233969986357,0.310204081633,0.461029365046
2,1,0,7000,1.5,campo,ab,0,0.799481417459,0.300087489064,0.545454545455,0.548341150659
2,1,0,7000,1.5,campo,Lab,0,0.862258953168,0.519696969697,0.519736842105,0.633897588323
2,1,0,7000,1.5,campo,ab,1,0.797413793103,0.299563318777,0.529032258065,0.542003123315
2,1,0,7000,1.5,campo,Lab,1,0.851314596555,0.451910408432,0.48502994012,0.596084981702
2,1,0,7000,1.5,campo,ab,2,0.796754910333,0.420858895706,0.525641025641,0.581084943893
2,1,0,7000,1.5,campo,Lab,2,0.863720073665,0.455511288181,0.496894409938,0.605375257261
2,1,0,8000,0.4,sem,ab,0,0.741873804971,0.717573221757,0.540145985401,0.666531004043
2,1,0,8000,0.4,sem,Lab,0,0.0,0.859296482412,0.0,0.286432160804
2,1,0,8000,0.4,sem,ab,1,0.741165234002,0.717573221757,0.540740740741,0.6664930655
2,1,0,8000,0.4,sem,Lab,1,0.0,0.871313672922,0.0,0.290437890974
2,1,0,8000,0.4,sem,ab,2,0.742583732057,0.717573221757,0.557251908397,0.672469620737
2,1,0,8000,0.4,sem,Lab,2,0.0,0.871313672922,0.0,0.290437890974
2,1,0,8000,0.4,campo,ab,0,0.838009049774,0.363347457627,0.518248175182,0.573201560861
2,1,0,8000,0.4,campo,Lab,0,0.872420262664,0.521276595745,0.396825396825,0.596840751745
2,1,0,8000,0.4,campo,ab,1,0.830508474576,0.476388888889,0.510791366906,0.605896243457
2,1,0,8000,0.4,campo,Lab,1,0.872420262664,0.669921875,0.396825396825,0.646389178163
2,1,0,8000,0.4,campo,ab,2,0.838009049774,0.363347457627,0.524822695035,0.575393067479
2,1,0,8000,0.4,campo,Lab,2,0.874882408278,0.515015015015,0.360576923077,0.58349144879
2,1,0,8000,1.0,sem,ab,0,0.714015151515,0.0841717791411,0.535714285714,0.44463373879
2,1,0,8000,1.0,sem,Lab,0,0.868089233754,0.216951296648,0.405405405405,0.496815311936
2,1,0,8000,1.0,sem,ab,1,0.784467713787,0.0842337917485,0.528169014085,0.46562350654
2,1,0,8000,1.0,sem,Lab,1,0.867248062016,0.263643351268,0.394736842105,0.508542751796
2,1,0,8000,1.0,sem,ab,2,0.798927613941,0.0846913580247,0.528169014085,0.47059599535
2,1,0,8000,1.0,sem,Lab,2,0.867248062016,0.215859030837,0.441176470588,0.508094521147
2,1,0,8000,1.0,campo,ab,0,0.834084761046,0.365282215122,0.5,0.566455658723
2,1,0,8000,1.0,campo,Lab,0,0.870665417057,0.517345399698,0.392670157068,0.593560324608
2,1,0,8000,1.0,campo,ab,1,0.834084761046,0.364505844846,0.490196078431,0.562928894774
2,1,0,8000,1.0,campo,Lab,1,0.878962536023,0.70431211499,0.407608695652,0.663627782222
2,1,0,8000,1.0,campo,ab,2,0.824468085106,0.362579281184,0.503546099291,0.563531155194
2,1,0,8000,1.0,campo,Lab,2,0.878071833648,0.539308176101,0.386597938144,0.601325982631
2,1,0,8000,1.5,sem,ab,0,0.805092186128,0.0190386323268,0.436781609195,0.42030414255
2,1,0,8000,1.5,sem,Lab,0,0.891812865497,0.157628676471,0.410810810811,0.486750784259
2,1,0,8000,1.5,sem,ab,1,0.780036968577,0.0183540239726,0.510067114094,0.436152702214
2,1,0,8000,1.5,sem,Lab,1,0.879807692308,0.139317627945,0.308943089431,0.442689469894
2,1,0,8000,1.5,sem,ab,2,0.80350877193,0.0189890937275,0.519736842105,0.447411569254
2,1,0,8000,1.5,sem,Lab,2,0.884057971014,0.140343698854,0.342307692308,0.455569787392
2,1,0,8000,1.5,campo,ab,0,0.785775492716,0.233174711081,0.539007092199,0.519319098665
2,1,0,8000,1.5,campo,Lab,0,0.857928505958,0.370410367171,0.496503496503,0.574947456544
2,1,0,8000,1.5,campo,ab,1,0.783760683761,0.359162303665,0.513157894737,0.552026960721
2,1,0,8000,1.5,campo,Lab,1,0.878759398496,0.370010787487,0.506944444444,0.585238210142
2,1,0,8000,1.5,campo,ab,2,0.774720550301,0.358786610879,0.509933774834,0.547813645338
2,1,0,8000,1.5,campo,Lab,2,0.864140480591,0.373638344227,0.503448275862,0.58040903356
2,1,200,6200,0.4,sem,ab,0,0.819962686567,0.731019522777,0.556451612903,0.702477940749
2,1,200,6200,0.4,sem,Lab,0,0.77366255144,0.870801033592,0.510791366906,0.718418317313
2,1,200,6200,0.4,sem,ab,1,0.814462416746,0.731019522777,0.533333333333,0.692938424285
2,1,200,6200,0.4,sem,Lab,1,0.72860125261,0.870801033592,0.0,0.5331340954
2,1,200,6200,0.4,sem,ab,2,0.800766283525,0.731019522777,0.521739130435,0.684508312245
2,1,200,6200,0.4,sem,Lab,2,0.728033472803,0.870801033592,0.0,0.532944835465
2,1,200,6200,0.4,campo,ab,0,0.827239488117,0.322671683913,0.517730496454,0.555880556161
2,1,200,6200,0.4,campo,Lab,0,0.864864864865,0.643527204503,0.387096774194,0.63182961452
2,1,200,6200,0.4,campo,ab,1,0.839382940109,0.323279924599,0.514285714286,0.558982859665
2,1,200,6200,0.4,campo,Lab,1,0.868224299065,0.669921875,0.383419689119,0.640521954395
2,1,200,6200,0.4,campo,ab,2,0.834080717489,0.43417721519,0.425287356322,0.564515096334
2,1,200,6200,0.4,campo,Lab,2,0.862325581395,0.641121495327,0.325396825397,0.60961463404
2,1,200,6200,1.0,sem,ab,0,0.816071428571,0.431446540881,0.517985611511,0.588501193654
2,1,200,6200,1.0,sem,Lab,0,0.872676579926,0.685831622177,0.398907103825,0.652471768642
2,1,200,6200,1.0,sem,ab,1,0.816071428571,0.431446540881,0.525547445255,0.591021804902
2,1,200,6200,1.0,sem,Lab,1,0.871866295265,0.839195979899,0.380281690141,0.697114655102
2,1,200,6200,1.0,sem,ab,2,0.816071428571,0.431446540881,0.533333333333,0.593617100928
2,1,200,6200,1.0,sem,Lab,2,0.871747211896,0.660886319846,0.377551020408,0.63672818405
2,1,200,6200,1.0,campo,ab,0,0.832587287377,0.335945151812,0.541984732824,0.570172390671
2,1,200,6200,1.0,campo,Lab,0,0.869850187266,0.673870333988,0.297872340426,0.613864287227
2,1,200,6200,1.0,campo,ab,1,0.839673913043,0.33726647001,0.510638297872,0.562526226975
2,1,200,6200,1.0,campo,Lab,1,0.868224299065,0.694331983806,0.341232227488,0.63459617012
2,1,200,6200,1.0,campo,ab,2,0.828597616865,0.33660451423,0.525547445255,0.563583192117
2,1,200,6200,1.0,campo,Lab,2,0.869850187266,0.672549019608,0.393442622951,0.645280609942
2,1,200,6200,1.5,sem,ab,0,0.798816568047,0.253886010363,0.490066225166,0.514256267859
2,1,200,6200,1.5,sem,Lab,0,0.841071428571,0.614695340502,0.287878787879,0.581215185651
2,1,200,6200,1.5,sem,ab,1,0.809318377912,0.255970149254,0.532374100719,0.532554209295
2,1,200,6200,1.5,sem,Lab,1,0.862888482633,0.499272197962,0.429347826087,0.597169502227
2,1,200,6200,1.5,sem,ab,2,0.803448275862,0.278501628664,0.453551912568,0.511833939032
2,1,200,6200,1.5,sem,Lab,2,0.86844526219,0.428214731586,0.429347826087,0.575335939954
2,1,200,6200,1.5,campo,ab,0,0.830673758865,0.300350262697,0.482142857143,0.537722292902
2,1,200,6200,1.5,campo,Lab,0,0.838709677419,0.547923322684,0.48125,0.622627666701
2,1,200,6200,1.5,campo,ab,1,0.814074717637,0.397911832947,0.5,0.570662183528
2,1,200,6200,1.5,campo,Lab,1,0.846781504986,0.477715877437,0.478260869565,0.60091941733
2,1,200,6200,1.5,campo,ab,2,0.813263525305,0.300350262697,0.503067484663,0.538893757555
2,1,200,6200,1.5,campo,Lab,2,0.842960288809,0.542721518987,0.478260869565,0.621314225787
2,1,200,7000,0.4,sem,ab,0,0.785310734463,0.675247524752,0.521739130435,0.66076579655
2,1,200,7000,0.4,sem,Lab,0,0.0,0.911528150134,0.0,0.303842716711
2,1,200,7000,0.4,sem,ab,1,0.785310734463,0.675247524752,0.521739130435,0.66076579655
2,1,200,7000,0.4,sem,Lab,1,0.0,0.890339425587,0.0,0.296779808529
2,1,200,7000,0.4,sem,ab,2,0.78679245283,0.675247524752,0.533333333333,0.665124436972
2,1,200,7000,0.4,sem,Lab,2,0.0,0.890339425587,0.0,0.296779808529
2,1,200,7000,0.4,campo,ab,0,0.836330935252,0.443725743855,0.517730496454,0.599262391854
2,1,200,7000,0.4,campo,Lab,0,0.866479925303,0.669921875,0.371134020619,0.635845273641
2,1,200,7000,0.4,campo,ab,1,0.836330935252,0.314678899083,0.517730496454,0.556246776929
2,1,200,7000,0.4,campo,Lab,1,0.872300469484,0.664728682171,0.354679802956,0.630569651537
2,1,200,7000,0.4,campo,ab,2,0.836330935252,0.314678899083,0.517730496454,0.556246776929
2,1,200,7000,0.4,campo,Lab,2,0.87148217636,0.667315175097,0.382978723404,0.640592024954
2,1,200,7000,1.0,sem,ab,0,0.822380106572,0.322975517891,0.524822695035,0.556726106499
2,1,200,7000,1.0,sem,Lab,0,0.870178739417,0.619133574007,0.393442622951,0.627584978792
2,1,200,7000,1.0,sem,ab,1,0.82165039929,0.320860617399,0.521428571429,0.554646529373
2,1,200,7000,1.0,sem,Lab,1,0.870178739417,0.619133574007,0.395604395604,0.628305569676
2,1,200,7000,1.0,sem,ab,2,0.81628959276,0.241719520789,0.448484848485,0.502164654011
2,1,200,7000,1.0,sem,Lab,2,0.885576923077,0.642322097378,0.393442622951,0.640447214469
2,1,200,7000,1.0,campo,ab,0,0.827402135231,0.3385982231,0.514285714286,0.560095357539
2,1,200,7000,1.0,campo,Lab,0,0.869850187266,0.497822931785,0.393442622951,0.587038580667
2,1,200,7000,1.0,campo,ab,1,0.826666666667,0.464140730717,0.514285714286,0.60169770389
2,1,200,7000,1.0,campo,Lab,1,0.868224299065,0.679207920792,0.378947368421,0.642126529426
2,1,200,7000,1.0,campo,ab,2,0.826666666667,0.338932806324,0.514285714286,0.559961729092
2,1,200,7000,1.0,campo,Lab,2,0.869036482694,0.679207920792,0.373056994819,0.640433799435
2,1,200,7000,1.5,sem,ab,0,0.807792207792,0.0824321076664,0.438888888889,0.443037734783
2,1,200,7000,1.5,sem,Lab,0,0.874649204864,0.237699237699,0.429378531073,0.513908991212
2,1,200,7000,1.5,sem,ab,1,0.803433476395,0.0817445185891,0.468208092486,0.451128695823
2,1,200,7000,1.5,sem,Lab,1,0.874649204864,0.246762589928,0.429378531073,0.516930108622
2,1,200,7000,1.5,sem,ab,2,0.803433476395,0.0817055740829,0.468208092486,0.451115714321
2,1,200,7000,1.5,sem,Lab,2,0.889741131352,0.245878136201,0.281853281853,0.472490849802
2,1,200,7000,1.5,campo,ab,0,0.789121338912,0.387570621469,0.551020408163,0.575904122848
2,1,200,7000,1.5,campo,Lab,0,0.867281105991,0.441441441441,0.50641025641,0.605044267947
2,1,200,7000,1.5,campo,ab,1,0.797790994053,0.362579281184,0.515527950311,0.558632741849
2,1,200,7000,1.5,campo,Lab,1,0.850678733032,0.44315245478,0.516556291391,0.603462493068
2,1,200,7000,1.5,campo,ab,2,0.789121338912,0.363732767762,0.551020408163,0.567958171613
2,1,200,7000,1.5,campo,Lab,2,0.871415356152,0.444300518135,0.50641025641,0.607375376899
2,1,200,8000,0.4,sem,ab,0,0.726066350711,0.722105263158,0.521739130435,0.656636914768
2,1,200,8000,0.4,sem,Lab,0,0.0,0.861333333333,0.0,0.287111111111
2,1,200,8000,0.4,sem,ab,1,0.726066350711,0.722105263158,0.521739130435,0.656636914768
2,1,200,8000,0.4,sem,Lab,1,0.0,0.84068627451,0.0,0.28022875817
2,1,200,8000,0.4,sem,ab,2,0.726235741445,0.722105263158,0.533333333333,0.660558112645
2,1,200,8000,0.4,sem,Lab,2,0.0,0.85111662531,0.0,0.28370554177
2,1,200,8000,0.4,campo,ab,0,0.84335154827,0.314678899083,0.521739130435,0.559923192596
2,1,200,8000,0.4,campo,Lab,0,0.869728209934,0.672549019608,0.391534391534,0.644603873692
2,1,200,8000,0.4,campo,ab,1,0.835431654676,0.427680798005,0.521739130435,0.594950527705
2,1,200,8000,0.4,campo,Lab,1,0.859795728877,0.694331983806,0.33488372093,0.629670477871
2,1,200,8000,0.4,campo,ab,2,0.835431654676,0.313242009132,0.521739130435,0.556804264748
2,1,200,8000,0.4,campo,Lab,2,0.868913857678,0.672549019608,0.382978723404,0.641480533563
2,1,200,8000,1.0,sem,ab,0,0.787852112676,0.0736209487014,0.480263157895,0.447245406424
2,1,200,8000,1.0,sem,Lab,0,0.852772466539,0.19930273097,0.395604395604,0.482559864371
2,1,200,8000,1.0,sem,ab,1,0.802919708029,0.0735420240137,0.51724137931,0.464567703784
2,1,200,8000,1.0,sem,Lab,1,0.847908745247,0.199071387115,0.367346938776,0.471442357046
2,1,200,8000,1.0,sem,ab,2,0.788546255507,0.0736683848797,0.520833333333,0.46101599124
2,1,200,8000,1.0,sem,Lab,2,0.859209257473,0.274180655476,0.367346938776,0.500245617242
2,1,200,8000,1.0,campo,ab,0,0.831842576029,0.328544061303,0.517730496454,0.559372377928
2,1,200,8000,1.0,campo,Lab,0,0.869036482694,0.485148514851,0.373056994819,0.575747330788
2,1,200,8000,1.0,campo,ab,1,0.831842576029,0.328544061303,0.514285714286,0.558224117206
2,1,200,8000,1.0,campo,Lab,1,0.869850187266,0.492109038737,0.382978723404,0.581645983136
2,1,200,8000,1.0,campo,ab,2,0.831842576029,0.328544061303,0.514285714286,0.558224117206
2,1,200,8000,1.0,campo,Lab,2,0.870665417057,0.487908961593,0.391304347826,0.583292908825
2,1,200,8000,1.5,sem,ab,0,0.812943262411,0.0172206044784,0.515527950311,0.448563939067
2,1,200,8000,1.5,sem,Lab,0,0.890731707317,0.141970198675,0.34765625,0.460119385331
2,1,200,8000,1.5,sem,ab,1,0.810786914235,0.0172128268179,0.5,0.442666580351
2,1,200,8000,1.5,sem,Lab,1,0.883429672447,0.139942880457,0.342307692308,0.455226748404
2,1,200,8000,1.5,sem,ab,2,0.810283687943,0.0177876886377,0.48125,0.43644045886
2,1,200,8000,1.5,sem,Lab,2,0.88088376561,0.136003172086,0.294117647059,0.437001528251
2,1,200,8000,1.5,campo,ab,0,0.771640560594,0.265069551777,0.531914893617,0.522875001996
2,1,200,8000,1.5,campo,Lab,0,0.888995215311,0.358037578288,0.514285714286,0.587106169295
2,1,200,8000,1.5,campo,ab,1,0.785046728972,0.322368421053,0.474860335196,0.52742516174
2,1,200,8000,1.5,campo,Lab,1,0.884761904762,0.481741573034,0.513698630137,0.626734035978
2,1,200,8000,1.5,campo,ab,2,0.772277227723,0.265069551777,0.531914893617,0.523087224372
2,1,200,8000,1.5,campo,Lab,2,0.910079051383,0.362196409715,0.522875816993,0.598383759364
2,1,400,6200,0.4,sem,ab,0,0.821904761905,0.722943722944,0.572580645161,0.705809710003
2,1,400,6200,0.4,sem,Lab,0,0.911087866109,0.858611825193,0.514925373134,0.761541688145
2,1,400,6200,0.4,sem,ab,1,0.826779026217,0.722943722944,0.608695652174,0.719472800445
2,1,400,6200,0.4,sem,Lab,1,0.776978417266,0.858611825193,0.518796992481,0.718129078313
2,1,400,6200,0.4,sem,ab,2,0.822138126774,0.722943722944,0.536764705882,0.693948851867
2,1,400,6200,0.4,sem,Lab,2,0.770020533881,0.858611825193,0.507352941176,0.711995100083
2,1,400,6200,0.4,campo,ab,0,0.842297174111,0.366452991453,0.521126760563,0.576625642043
2,1,400,6200,0.4,campo,Lab,0,0.875706214689,0.671232876712,0.396739130435,0.647892740612
2,1,400,6200,0.4,campo,ab,1,0.837230215827,0.494949494949,0.537878787879,0.623352832885
2,1,400,6200,0.4,campo,Lab,1,0.874882408278,0.672549019608,0.349282296651,0.632237908179
2,1,400,6200,0.4,campo,ab,2,0.842297174111,0.366452991453,0.525179856115,0.577976673893
2,1,400,6200,0.4,campo,Lab,2,0.875706214689,0.671232876712,0.39247311828,0.64647073656
2,1,400,6200,1.0,sem,ab,0,0.834377797672,0.43583227446,0.531468531469,0.600559534534
2,1,400,6200,1.0,sem,Lab,0,0.878163074039,0.667315175097,0.398907103825,0.648128450987
2,1,400,6200,1.0,sem,ab,1,0.836021505376,0.43583227446,0.531468531469,0.601107437102
2,1,400,6200,1.0,sem,Lab,1,0.878163074039,0.656126482213,0.39247311828,0.642254224844
2,1,400,6200,1.0,sem,ab,2,0.827160493827,0.474269819193,0.529411764706,0.610280692575
2,1,400,6200,1.0,sem,Lab,2,0.878986866792,0.646484375,0.396739130435,0.640736790742
2,1,400,6200,1.0,campo,ab,0,0.83798379838,0.364893617021,0.525547445255,0.576141620219
2,1,400,6200,1.0,campo,Lab,0,0.876531573987,0.672549019608,0.401098901099,0.650059831565
2,1,400,6200,1.0,campo,ab,1,0.838503649635,0.365671641791,0.521428571429,0.575201287618
2,1,400,6200,1.0,campo,Lab,1,0.874882408278,0.664728682171,0.394594594595,0.644735228348
2,1,400,6200,1.0,campo,ab,2,0.843065693431,0.365671641791,0.517730496454,0.575489277225
2,1,400,6200,1.0,campo,Lab,2,0.876531573987,0.667315175097,0.401098901099,0.648315216728
2,1,400,6200,1.5,sem,ab,0,0.817073170732,0.241549295775,0.479532163743,0.512718210083
2,1,400,6200,1.5,sem,Lab,0,0.875695732839,0.410778443114,0.457142857143,0.581205677698
2,1,400,6200,1.5,sem,ab,1,0.812553740327,0.240364400841,0.471264367816,0.508060836328
2,1,400,6200,1.5,sem,Lab,1,0.873265494912,0.501461988304,0.45197740113,0.608901628115
2,1,400,6200,1.5,sem,ab,2,0.827919227392,0.242402826855,0.479532163743,0.516618072663
2,1,400,6200,1.5,sem,Lab,2,0.857272727273,0.410778443114,0.465909090909,0.577986753765
2,1,400,6200,1.5,campo,ab,0,0.822695035461,0.447780678851,0.503067484663,0.591181066325
2,1,400,6200,1.5,campo,Lab,0,0.890788224122,0.494949494949,0.526315789474,0.637351169515
2,1,400,6200,1.5,campo,ab,1,0.835714285714,0.333333333333,0.522292993631,0.563780204226
2,1,400,6200,1.5,campo,Lab,1,0.860422405877,0.496382054993,0.519480519481,0.625428326783
2,1,400,6200,1.5,campo,ab,2,0.835714285714,0.333333333333,0.522292993631,0.563780204226
2,1,400,6200,1.5,campo,Lab,2,0.854927007299,0.496382054993,0.516556291391,0.622621784561
2,1,400,7000,0.4,sem,ab,0,0.788079470199,0.693089430894,0.546153846154,0.675774249082
2,1,400,7000,0.4,sem,Lab,0,0.0,0.914209115282,0.0,0.304736371761
2,1,400,7000,0.4,sem,ab,1,0.787334593573,0.693089430894,0.525925925926,0.668783316798
2,1,400,7000,0.4,sem,Lab,1,0.0,0.914209115282,0.0,0.304736371761
2,1,400,7000,0.4,sem,ab,2,0.784905660377,0.693089430894,0.540740740741,0.672911944004
2,1,400,7000,0.4,sem,Lab,2,0.0,0.863291139241,0.0,0.28776371308
2,1,400,7000,0.4,campo,ab,0,0.839186691312,0.359538784067,0.514084507042,0.570936660807
2,1,400,7000,0.4,campo,Lab,0,0.873120300752,0.664728682171,0.39247311828,0.643440700401
2,1,400,7000,0.4,campo,ab,1,0.840220385675,0.358786610879,0.525179856115,0.57472895089
2,1,400,7000,0.4,campo,Lab,1,0.872300469484,0.672549019608,0.394594594595,0.646481361229
2,1,400,7000,0.4,campo,ab,2,0.843835616438,0.358786610879,0.525179856115,0.575934027811
2,1,400,7000,0.4,campo,Lab,2,0.873120300752,0.672549019608,0.39247311828,0.646047479546
2,1,400,7000,1.0,sem,ab,0,0.825339366516,0.225657894737,0.521428571429,0.524141944227
2,1,400,7000,1.0,sem,Lab,0,0.879194630872,0.607079646018,0.403314917127,0.629863064672
2,1,400,7000,1.0,sem,ab,1,0.819875776398,0.225509533202,0.528169014085,0.524518107895
2,1,400,7000,1.0,sem,Lab,1,0.879194630872,0.585324232082,0.352380952381,0.605633271778
2,1,400,7000,1.0,sem,ab,2,0.817699115044,0.225509533202,0.524475524476,0.522561390907
2,1,400,7000,1.0,sem,Lab,2,0.879194630872,0.611408199643,0.396739130435,0.629113986984
2,1,400,7000,1.0,campo,ab,0,0.836956521739,0.369612068966,0.425287356322,0.543951982342
2,1,400,7000,1.0,campo,Lab,0,0.87323943662,0.613595706619,0.398907103825,0.628580749021
2,1,400,7000,1.0,campo,ab,1,0.836956521739,0.369612068966,0.521428571429,0.575999054044
2,1,400,7000,1.0,campo,Lab,1,0.87160262418,0.677865612648,0.401098901099,0.650189045976
2,1,400,7000,1.0,campo,ab,2,0.83771532185,0.369612068966,0.517730496454,0.575019295756
2,1,400,7000,1.0,campo,Lab,2,0.872420262664,0.668615984405,0.39247311828,0.644503121783
2,1,400,7000,1.5,sem,ab,0,0.808988764045,0.0805353369336,0.493975903614,0.461166668198
2,1,400,7000,1.5,sem,Lab,0,0.894584139265,0.230510752688,0.435754189944,0.520283027299
2,1,400,7000,1.5,sem,ab,1,0.808988764045,0.0821556886228,0.532894736842,0.474679729837
2,1,400,7000,1.5,sem,Lab,1,0.890595009597,0.236225895317,0.450867052023,0.525895985646
2,1,400,7000,1.5,sem,ab,2,0.808988764045,0.0808390289889,0.479532163743,0.456453318926
2,1,400,7000,1.5,sem,Lab,2,0.876288659794,0.234931506849,0.291338582677,0.467519583107
2,1,400,7000,1.5,campo,ab,0,0.802235597592,0.290186125212,0.56338028169,0.551934001498
2,1,400,7000,1.5,campo,Lab,0,0.851412944394,0.434727503169,0.547945205479,0.611361884347
2,1,400,7000,1.5,campo,ab,1,0.801546391753,0.400233372229,0.547297297297,0.583025687093
2,1,400,7000,1.5,campo,Lab,1,0.866112650046,0.431446540881,0.5,0.599186396976
2,1,400,7000,1.5,campo,ab,2,0.800858369099,0.399766899767,0.551020408163,0.583881892343
2,1,400,7000,1.5,campo,Lab,2,0.887081339713,0.515789473684,0.548611111111,0.650493974836
2,1,400,8000,0.4,sem,ab,0,0.7336492891,0.716075156576,0.540740740741,0.663488395472
2,1,400,8000,0.4,sem,Lab,0,0.0,0.890666666667,0.0,0.296888888889
2,1,400,8000,0.4,sem,ab,1,0.734345351044,0.725158562368,0.557251908397,0.672251940603
2,1,400,8000,0.4,sem,Lab,1,0.0,0.890374331551,0.0,0.29679144385
2,1,400,8000,0.4,sem,ab,2,0.733840304183,0.711618257261,0.540740740741,0.662066434062
2,1,400,8000,0.4,sem,Lab,2,0.0,0.860589812332,0.0,0.286863270777
2,1,400,8000,0.4,campo,ab,0,0.843692870201,0.352880658436,0.525179856115,0.573917794917
2,1,400,8000,0.4,campo,Lab,0,0.873000940734,0.664728682171,0.398907103825,0.645545575576
2,1,400,8000,0.4,campo,ab,1,0.836183618362,0.477715877437,0.525179856115,0.613026450638
2,1,400,8000,0.4,campo,Lab,1,0.873000940734,0.669921875,0.398907103825,0.647276639853
2,1,400,8000,0.4,campo,ab,2,0.843692870201,0.352880658436,0.525179856115,0.573917794917
2,1,400,8000,0.4,campo,Lab,2,0.873000940734,0.672549019608,0.396739130435,0.647429696925
2,1,400,8000,1.0,sem,ab,0,0.730084348641,0.0744680851064,0.434523809524,0.413025414424
2,1,400,8000,1.0,sem,Lab,0,0.860038610039,0.270078740157,0.365,0.498372450065
2,1,400,8000,1.0,sem,ab,1,0.808080808081,0.0745166195959,0.535211267606,0.472602898427
2,1,400,8000,1.0,sem,Lab,1,0.862536302033,0.198725376593,0.496503496503,0.519255058377
2,1,400,8000,1.0,sem,ab,2,0.700473933649,0.0745328118209,0.525179856115,0.433395533862
2,1,400,8000,1.0,sem,Lab,2,0.863504356244,0.207752877044,0.467532467532,0.512929900274
2,1,400,8000,1.0,campo,ab,0,0.841385597083,0.355440414508,0.411111111111,0.535979040901
2,1,400,8000,1.0,campo,Lab,0,0.872300469484,0.624772313297,0.344339622642,0.613804135141
2,1,400,8000,1.0,campo,ab,1,0.836330935252,0.354705274043,0.521126760563,0.570720989953
2,1,400,8000,1.0,campo,Lab,1,0.873120300752,0.659615384615,0.394594594595,0.642443426654
2,1,400,8000,1.0,campo,ab,2,0.841385597083,0.355440414508,0.517730496454,0.571518836015
2,1,400,8000,1.0,campo,Lab,2,0.883253588517,0.481741573034,0.394088669951,0.586361277167
2,1,400,8000,1.5,sem,ab,0,0.796903460838,0.0174465920651,0.4875,0.433950017634
2,1,400,8000,1.5,sem,Lab,0,0.871770334928,0.141036184211,0.397849462366,0.470218660501
2,1,400,8000,1.5,sem,ab,1,0.80585106383,0.017448367077,0.527397260274,0.450232230394
2,1,400,8000,1.5,sem,Lab,1,0.875,0.141852770885,0.483443708609,0.500098826498
2,1,400,8000,1.5,sem,ab,2,0.808510638298,0.0182233556476,0.512987012987,0.446573668978
2,1,400,8000,1.5,sem,Lab,2,0.882865440465,0.144299537232,0.44,0.489054992565
2,1,400,8000,1.5,campo,ab,0,0.78360101437,0.353973168215,0.517006802721,0.551526995102
2,1,400,8000,1.5,campo,Lab,0,0.8886756238,0.420858895706,0.531468531469,0.613667683658
2,1,400,8000,1.5,campo,ab,1,0.769293924466,0.349643221203,0.503546099291,0.54082774832
2,1,400,8000,1.5,campo,Lab,1,0.885386819484,0.684,0.51048951049,0.693292109991
2,1,400,8000,1.5,campo,ab,2,0.769926047658,0.349643221203,0.524822695035,0.548130654632
2,1,400,8000,1.5,campo,Lab,2,0.897187196896,0.356178608515,0.531468531469,0.59494477896
2,1,600,6200,0.4,sem,ab,0,0.833015267176,0.718884120172,0.548872180451,0.700257189266
2,1,600,6200,0.4,sem,Lab,0,0.790505675955,0.863402061856,0.514925373134,0.722944370315
2,1,600,6200,0.4,sem,ab,1,0.832068311195,0.718884120172,0.532846715328,0.694599715565
2,1,600,6200,0.4,sem,Lab,1,0.762589928058,0.863402061856,0.0,0.541997329971
2,1,600,6200,0.4,sem,ab,2,0.832221163012,0.718884120172,0.532846715328,0.694650666171
2,1,600,6200,0.4,sem,Lab,2,0.752092050209,0.863402061856,0.0,0.538498037355
2,1,600,6200,0.4,campo,ab,0,0.828649138713,0.335945151812,0.513888888889,0.559494393138
2,1,600,6200,0.4,campo,Lab,0,0.871722846442,0.692929292929,0.344186046512,0.636279395294
2,1,600,6200,0.4,campo,ab,1,0.82667876588,0.336274509804,0.506944444444,0.556632573376
2,1,600,6200,0.4,campo,Lab,1,0.871722846442,0.686,0.395721925134,0.651148257192
2,1,600,6200,0.4,campo,ab,2,0.829401088929,0.335945151812,0.525179856115,0.563508698952
2,1,600,6200,0.4,campo,Lab,2,0.877474081056,0.686,0.36815920398,0.643877761679
2,1,600,6200,1.0,sem,ab,0,0.821773485514,0.543581616482,0.51048951049,0.625281537495
2,1,600,6200,1.0,sem,Lab,0,0.871388630009,0.711618257261,0.395721925134,0.659576270801
2,1,600,6200,1.0,sem,ab,1,0.826401446655,0.409796893668,0.517730496454,0.584642945592
2,1,600,6200,1.0,sem,Lab,1,0.871388630009,0.546178343949,0.393617021277,0.603727998412
2,1,600,6200,1.0,sem,ab,2,0.826401446655,0.41028708134,0.517730496454,0.584806341483
2,1,600,6200,1.0,sem,Lab,2,0.871388630009,0.717573221757,0.393617021277,0.660859624348
2,1,600,6200,1.0,campo,ab,0,0.837545126354,0.336274509804,0.43023255814,0.534684064766
2,1,600,6200,1.0,campo,Lab,0,0.875939849624,0.686,0.4,0.653979949875
2,1,600,6200,1.0,campo,ab,1,0.835616438356,0.33660451423,0.525179856115,0.565800269567
2,1,600,6200,1.0,campo,Lab,1,0.875939849624,0.684630738523,0.395721925134,0.652097504427
2,1,600,6200,1.0,campo,ab,2,0.837545126354,0.336274509804,0.43023255814,0.534684064766
2,1,600,6200,1.0,campo,Lab,2,0.88122605364,0.694331983806,0.397849462366,0.657802499937
2,1,600,6200,1.5,sem,ab,0,0.798312236287,0.355440414508,0.535483870968,0.563078840587
2,1,600,6200,1.5,sem,Lab,0,0.86197440585,0.413253012048,0.453488372093,0.576238596664
2,1,600,6200,1.5,sem,ab,1,0.799661876585,0.357068062827,0.482558139535,0.546429359649
2,1,600,6200,1.5,sem,Lab,1,0.852221214869,0.398837209302,0.295275590551,0.515444671574
2,1,600,6200,1.5,sem,ab,2,0.821272885789,0.355072463768,0.482558139535,0.552967829697
2,1,600,6200,1.5,sem,Lab,2,0.896718146718,0.481065918654,0.453488372093,0.610424145822
2,1,600,6200,1.5,campo,ab,0,0.803082191781,0.421894218942,0.586956521739,0.603977644154
2,1,600,6200,1.5,campo,Lab,0,0.889846743295,0.565074135091,0.503225806452,0.652715561612
2,1,600,6200,1.5,campo,ab,1,0.832884097035,0.306797853309,0.5,0.546560650115
2,1,600,6200,1.5,campo,Lab,1,0.852189781022,0.482419127989,0.5,0.611536303004
2,1,600,6200,1.5,campo,ab,2,0.818261633011,0.431446540881,0.525316455696,0.591674876529
2,1,600,6200,1.5,campo,Lab,2,0.847549909256,0.481065918654,0.506493506494,0.611703111468
2,1,600,7000,0.4,sem,ab,0,0.793005671078,0.762863534676,0.55303030303,0.702966502928
2,1,600,7000,0.4,sem,Lab,0,0.0,0.892670157068,0.0,0.297556719023
2,1,600,7000,0.4,sem,ab,1,0.795648060549,0.756097560976,0.532846715328,0.694864112284
2,1,600,7000,0.4,sem,Lab,1,0.0,0.820105820106,0.0,0.273368606702
2,1,600,7000,0.4,sem,ab,2,0.793005671078,0.754424778761,0.528985507246,0.692138652362
2,1,600,7000,0.4,sem,Lab,2,0.0,0.892670157068,0.0,0.297556719023
2,1,600,7000,0.4,campo,ab,0,0.831818181818,0.32635585157,0.521428571429,0.559867534939
2,1,600,7000,0.4,campo,Lab,0,0.888781431335,0.686,0.360975609756,0.64525234703
2,1,600,7000,0.4,campo,ab,1,0.831665150136,0.32635585157,0.525179856115,0.561066952607
2,1,600,7000,0.4,campo,Lab,1,0.879245283019,0.675196850394,0.360975609756,0.638472581056
2,1,600,7000,0.4,campo,ab,2,0.81985940246,0.325426944972,0.525179856115,0.556822067849
2,1,600,7000,0.4,campo,Lab,2,0.873477038425,0.691532258065,0.349056603774,0.638021966755
2,1,600,7000,1.0,sem,ab,0,0.812115891133,0.219590268886,0.521428571429,0.517711577149
2,1,600,7000,1.0,sem,Lab,0,0.867605633803,0.604938271605,0.4,0.624181301803
2,1,600,7000,1.0,sem,ab,1,0.812115891133,0.219590268886,0.521428571429,0.517711577149
2,1,600,7000,1.0,sem,Lab,1,0.867605633803,0.603873239437,0.4,0.62382629108
2,1,600,7000,1.0,sem,ab,2,0.799481417459,0.274180655476,0.521428571429,0.531696881454
2,1,600,7000,1.0,sem,Lab,2,0.869238005644,0.604938271605,0.397849462366,0.624008579872
2,1,600,7000,1.0,campo,ab,0,0.818421052632,0.340615690169,0.521428571429,0.560155104743
2,1,600,7000,1.0,campo,Lab,0,0.873477038425,0.687374749499,0.393617021277,0.651489603067
2,1,600,7000,1.0,campo,ab,1,0.816272965879,0.340615690169,0.525179856115,0.560689504054
2,1,600,7000,1.0,campo,Lab,1,0.891996142719,0.681908548708,0.439759036145,0.671221242524
2,1,600,7000,1.0,campo,ab,2,0.813426329555,0.463513513514,0.521428571429,0.599456138166
2,1,600,7000,1.0,campo,Lab,2,0.871842843779,0.701431492843,0.347417840376,0.640230725666
2,1,600,7000,1.5,sem,ab,0,0.823792486583,0.0689863234111,0.478787878788,0.457188896261
2,1,600,7000,1.5,sem,Lab,0,0.8886756238,0.236063317275,0.490196078431,0.538311673169
2,1,600,7000,1.5,sem,ab,1,0.81850853549,0.078025477707,0.503225806452,0.466586606549
2,1,600,7000,1.5,sem,Lab,1,0.847349177331,0.240701754386,0.467065868263,0.51837226666
2,1,600,7000,1.5,sem,ab,2,0.822421524664,0.0781855482106,0.475609756098,0.458738942991
2,1,600,7000,1.5,sem,Lab,2,0.890489913545,0.255779269202,0.450867052023,0.532378744923
2,1,600,7000,1.5,campo,ab,0,0.808027923211,0.275060144346,0.584507042254,0.555865036604
2,1,600,7000,1.5,campo,Lab,0,0.868882733149,0.441441441441,0.520833333333,0.610385835974
2,1,600,7000,1.5,campo,ab,1,0.785179017485,0.397911832947,0.584507042254,0.589199297562
2,1,600,7000,1.5,campo,Lab,1,0.888038277512,0.429824561404,0.520833333333,0.612898724083
2,1,600,7000,1.5,campo,ab,2,0.784525790349,0.392448512586,0.584507042254,0.587160448396
2,1,600,7000,1.5,campo,Lab,2,0.868081180812,0.441441441441,0.520833333333,0.610118651862
2,1,600,8000,0.4,sem,ab,0,0.745229007634,0.705154639175,0.532846715328,0.661076787379
2,1,600,8000,0.4,sem,Lab,0,0.0,0.855,0.0,0.285
2,1,600,8000,0.4,sem,ab,1,0.744741873805,0.705154639175,0.557251908397,0.669049473792
2,1,600,8000,0.4,sem,Lab,1,0.0,0.844444444444,0.0,0.281481481481
2,1,600,8000,0.4,sem,ab,2,0.743565300286,0.703703703704,0.528985507246,0.658751503745
2,1,600,8000,0.4,sem,Lab,2,0.0,0.834146341463,0.0,0.278048780488
2,1,600,8000,0.4,campo,ab,0,0.832570905764,0.320560747664,0.521428571429,0.558186741619
2,1,600,8000,0.4,campo,Lab,0,0.884210526316,0.681908548708,0.362790697674,0.642969924233
2,1,600,8000,0.4,campo,ab,1,0.832570905764,0.320560747664,0.521428571429,0.558186741619
2,1,600,8000,0.4,campo,Lab,1,0.873477038425,0.681908548708,0.385416666667,0.6469340846
2,1,600,8000,0.4,campo,ab,2,0.803617571059,0.321161048689,0.506849315068,0.543875978272
2,1,600,8000,0.4,campo,Lab,2,0.873477038425,0.681908548708,0.395721925134,0.650369170756
2,1,600,8000,1.0,sem,ab,0,0.796819787986,0.0702005730659,0.480519480519,0.44917994719
2,1,600,8000,1.0,sem,Lab,0,0.870873786408,0.198265895954,0.272388059701,0.447175914021
2,1,600,8000,1.0,sem,ab,1,0.794014084507,0.0702005730659,0.46835443038,0.444189695984
2,1,600,8000,1.0,sem,Lab,1,0.863198458574,0.202479338843,0.483443708609,0.516373835342
2,1,600,8000,1.0,sem,ab,2,0.698955365622,0.0700285830951,0.521428571429,0.430137506715
2,1,600,8000,1.0,sem,Lab,2,0.873294346979,0.252763448784,0.40782122905,0.511293008271
2,1,600,8000,1.0,campo,ab,0,0.835616438356,0.322975517891,0.513888888889,0.557493615045
2,1,600,8000,1.0,campo,Lab,0,0.883988494727,0.570469798658,0.369668246445,0.608042179943
2,1,600,8000,1.0,campo,ab,1,0.840579710145,0.322671683913,0.425287356322,0.529512916793
2,1,600,8000,1.0,campo,Lab,1,0.875939849624,0.571428571429,0.393617021277,0.61366181411
2,1,600,8000,1.0,campo,ab,2,0.833333333333,0.322671683913,0.425287356322,0.527097457856
2,1,600,8000,1.0,campo,Lab,2,0.879245283019,0.49,0.395721925134,0.588322402718
2,1,600,8000,1.5,sem,ab,0,0.744142455483,0.016659381223,0.4875,0.416100612235
2,1,600,8000,1.5,sem,Lab,0,0.880998080614,0.140631406314,0.283464566929,0.435031351286
2,1,600,8000,1.5,sem,ab,1,0.744840525328,0.016656954157,0.516556291391,0.426017923625
2,1,600,8000,1.5,sem,Lab,1,0.872502378687,0.145647558386,0.424418604651,0.480856180575
2,1,600,8000,1.5,sem,ab,2,0.738273921201,0.016656954157,0.472727272727,0.409219382695
2,1,600,8000,1.5,sem,Lab,2,0.883833494676,0.140862422998,0.442528735632,0.489074884435
2,1,600,8000,1.5,campo,ab,0,0.757281553398,0.262633996937,0.527027027027,0.515647525787
2,1,600,8000,1.5,campo,Lab,0,0.877979027645,0.467302452316,0.290441176471,0.545240885477
2,1,600,8000,1.5,campo,ab,1,0.73775671406,0.340615690169,0.517730496454,0.532034300228
2,1,600,8000,1.5,campo,Lab,1,0.845454545455,0.346115035318,0.510638297872,0.567402626215
2,1,600,8000,1.5,campo,ab,2,0.73775671406,0.31352833638,0.510638297872,0.520641116104
2,1,600,8000,1.5,campo,Lab,2,0.901162790698,0.373638344227,0.473988439306,0.582929858077
2,1,800,6200,0.4,sem,ab,0,0.827814569536,0.721030042918,0.496503496503,0.681782702986
2,1,800,6200,0.4,sem,Lab,0,0.748427672956,0.872727272727,0.0,0.540384981894
2,1,800,6200,0.4,sem,ab,1,0.824953445065,0.721030042918,0.564516129032,0.703499872339
2,1,800,6200,0.4,sem,Lab,1,0.749475890985,0.872727272727,0.0,0.540734387904
2,1,800,6200,0.4,sem,ab,2,0.831758034026,0.721030042918,0.0,0.517596025648
2,1,800,6200,0.4,sem,Lab,2,0.91118077325,0.908108108108,0.0,0.606429627119
2,1,800,6200,0.4,campo,ab,0,0.83651226158,0.364893617021,0.417142857143,0.539516245248
2,1,800,6200,0.4,campo,Lab,0,0.876995305164,0.63167587477,0.406779661017,0.63848361365
2,1,800,6200,0.4,campo,ab,1,0.842057761733,0.36606189968,0.518518518519,0.575546059977
2,1,800,6200,0.4,campo,Lab,1,0.873713751169,0.519696969697,0.356097560976,0.583169427281
2,1,800,6200,0.4,campo,ab,2,0.83666061706,0.365671641791,0.514492753623,0.572275004158
2,1,800,6200,0.4,campo,Lab,2,0.875351452671,0.518910741301,0.389189189189,0.594483794387
2,1,800,6200,1.0,sem,ab,0,0.825812274368,0.438058748404,0.489932885906,0.584601302893
2,1,800,6200,1.0,sem,Lab,0,0.881957773512,0.68875502008,0.374429223744,0.648380672446
2,1,800,6200,1.0,sem,ab,1,0.825812274368,0.438058748404,0.526315789474,0.596728937415
2,1,800,6200,1.0,sem,Lab,1,0.878618113912,0.687242798354,0.38829787234,0.651386261536
2,1,800,6200,1.0,sem,ab,2,0.836153161175,0.438618925831,0.5,0.591590695669
2,1,800,6200,1.0,sem,Lab,2,0.882629107981,0.687374749499,0.357843137255,0.642615664912
2,1,800,6200,1.0,campo,ab,0,0.829787234043,0.36606189968,0.496551724138,0.564133619287
2,1,800,6200,1.0,campo,Lab,0,0.874649204864,0.692929292929,0.354368932039,0.640649143277
2,1,800,6200,1.0,campo,ab,1,0.832740213523,0.366452991453,0.510638297872,0.569943834283
2,1,800,6200,1.0,campo,Lab,1,0.874649204864,0.686,0.338775510204,0.633141571689
2,1,800,6200,1.0,campo,ab,2,0.832740213523,0.36606189968,0.5,0.566267371068
2,1,800,6200,1.0,campo,Lab,2,0.87958607714,0.648393194707,0.394594594595,0.640857955481
2,1,800,6200,1.5,sem,ab,0,0.812931034483,0.339603960396,0.443243243243,0.531926079374
2,1,800,6200,1.5,sem,Lab,0,0.849413886384,0.41778319123,0.437158469945,0.568118515853
2,1,800,6200,1.5,sem,ab,1,0.812769628991,0.256352765321,0.439153439153,0.502758611155
2,1,800,6200,1.5,sem,Lab,1,0.866177818515,0.418803418803,0.447513812155,0.577498349824
2,1,800,6200,1.5,sem,ab,2,0.829824561404,0.259259259259,0.439153439153,0.509412419939
2,1,800,6200,1.5,sem,Lab,2,0.84725965858,0.505154639175,0.44262295082,0.598345749525
2,1,800,6200,1.5,campo,ab,0,0.820490367776,0.329490874159,0.55,0.566660413978
2,1,800,6200,1.5,campo,Lab,0,0.896053897979,0.649621212121,0.481481481481,0.675718863861
2,1,800,6200,1.5,campo,ab,1,0.838392857143,0.329807692308,0.476470588235,0.548223712562
2,1,800,6200,1.5,campo,Lab,1,0.900675024108,0.564144736842,0.481481481481,0.648767080811
2,1,800,6200,1.5,campo,ab,2,0.820490367776,0.469220246238,0.490909090909,0.593539901641
2,1,800,6200,1.5,campo,Lab,2,0.85466179159,0.485148514851,0.484662576687,0.60815762771
2,1,800,7000,0.4,sem,ab,0,0.790368271955,0.769230769231,0.533834586466,0.697811209217
2,1,800,7000,0.4,sem,Lab,0,0.0,0.892388451444,0.0,0.297462817148
2,1,800,7000,0.4,sem,ab,1,0.789423984891,0.76404494382,0.537878787879,0.69711590553
2,1,800,7000,0.4,sem,Lab,1,0.0,0.894736842105,0.0,0.298245614035
2,1,800,7000,0.4,sem,ab,2,0.789423984891,0.76404494382,0.510638297872,0.688035742195
2,1,800,7000,0.4,sem,Lab,2,0.0,0.88772845953,0.0,0.29590948651
2,1,800,7000,0.4,campo,ab,0,0.820738137083,0.359916054565,0.522388059701,0.56768075045
2,1,800,7000,0.4,campo,Lab,0,0.872778297474,0.572621035058,0.352657004831,0.599352112455
2,1,800,7000,0.4,campo,ab,1,0.834552102377,0.360672975815,0.521739130435,0.572321402875
2,1,800,7000,0.4,campo,Lab,1,0.873595505618,0.518126888218,0.352657004831,0.581459799555
2,1,800,7000,0.4,campo,ab,2,0.833638025594,0.485148514851,0.414772727273,0.577853089239
2,1,800,7000,0.4,campo,Lab,2,0.873595505618,0.51656626506,0.414201183432,0.601454318037
2,1,800,7000,1.0,sem,ab,0,0.807491289199,0.248191027496,0.5,0.518560772232
2,1,800,7000,1.0,sem,Lab,0,0.883988494727,0.639925373134,0.403314917127,0.642409594996
2,1,800,7000,1.0,sem,ab,1,0.826958105647,0.248191027496,0.493150684932,0.522766606025
2,1,800,7000,1.0,sem,Lab,1,0.874409820585,0.611408199643,0.403314917127,0.629710979119
2,1,800,7000,1.0,sem,ab,2,0.82224247949,0.248191027496,0.493150684932,0.521194730639
2,1,800,7000,1.0,sem,Lab,2,0.869483568075,0.414251207729,0.354368932039,0.546034569281
2,1,800,7000,1.0,campo,ab,0,0.823218997361,0.371614301192,0.517985611511,0.570939636688
2,1,800,7000,1.0,campo,Lab,0,0.876288659794,0.509658246657,0.403314917127,0.596420607859
2,1,800,7000,1.0,campo,ab,1,0.797953964194,0.372017353579,0.419540229885,0.529837182553
2,1,800,7000,1.0,campo,Lab,1,0.875468164794,0.513473053892,0.403314917127,0.597418711938
2,1,800,7000,1.0,campo,ab,2,0.823218997361,0.371212121212,0.489655172414,0.561362096996
2,1,800,7000,1.0,campo,Lab,2,0.877110694184,0.686,0.403314917127,0.65547520377
2,1,800,7000,1.5,sem,ab,0,0.773026315789,0.0863327460357,0.448087431694,0.43581549784
2,1,800,7000,1.5,sem,Lab,0,0.898058252427,0.239024390244,0.422222222222,0.519768288298
2,1,800,7000,1.5,sem,ab,1,0.824686940966,0.0755839576906,0.44262295082,0.447631283159
2,1,800,7000,1.5,sem,Lab,1,0.899127061106,0.221719457014,0.423076923077,0.514641147065
2,1,800,7000,1.5,sem,ab,2,0.80136402387,0.0858573216521,0.450549450549,0.445923598691
2,1,800,7000,1.5,sem,Lab,2,0.893269230769,0.263643351268,0.429378531073,0.52876370437
2,1,800,7000,1.5,campo,ab,0,0.801573426573,0.408820023838,0.512658227848,0.57435055942
2,1,800,7000,1.5,campo,Lab,0,0.855707762557,0.439180537772,0.509803921569,0.601564073966
2,1,800,7000,1.5,campo,ab,1,0.80017452007,0.294673539519,0.527027027027,0.540625028872
2,1,800,7000,1.5,campo,Lab,1,0.855707762557,0.439180537772,0.509803921569,0.601564073966
2,1,800,7000,1.5,campo,ab,2,0.802780191138,0.294926913156,0.527027027027,0.541578043774
2,1,800,7000,1.5,campo,Lab,2,0.875348837209,0.439180537772,0.481927710843,0.598819028608
2,1,800,8000,0.4,sem,ab,0,0.742857142857,0.731343283582,0.533834586466,0.669345004302
2,1,800,8000,0.4,sem,Lab,0,0.0,0.870558375635,0.0,0.290186125212
2,1,800,8000,0.4,sem,ab,1,0.742857142857,0.731343283582,0.525925925926,0.666708784122
2,1,800,8000,0.4,sem,Lab,1,0.0,0.853233830846,0.0,0.284411276949
2,1,800,8000,0.4,sem,ab,2,0.743320610687,0.731343283582,0.514705882353,0.663123258874
2,1,800,8000,0.4,sem,Lab,2,0.0,0.853233830846,0.0,0.284411276949
2,1,800,8000,0.4,campo,ab,0,0.832442067736,0.357664233577,0.486301369863,0.558802557059
2,1,800,8000,0.4,campo,Lab,0,0.874414245548,0.683266932271,0.389189189189,0.648956789003
2,1,800,8000,0.4,campo,ab,1,0.843438914027,0.358411703239,0.510948905109,0.570933174125
2,1,800,8000,0.4,campo,Lab,1,0.879359095193,0.635185185185,0.394594594595,0.636379624991
2,1,800,8000,0.4,campo,ab,2,0.84,0.357664233577,0.493243243243,0.563635825607
2,1,800,8000,0.4,campo,Lab,2,0.87045666356,0.713097713098,0.350961538462,0.644838638373
2,1,800,8000,1.0,sem,ab,0,0.695238095238,0.0790504724591,0.450617283951,0.408301950549
2,1,800,8000,1.0,sem,Lab,0,0.865384615385,0.214375,0.350961538462,0.476907051282
2,1,800,8000,1.0,sem,ab,1,0.786399302528,0.0795823665893,0.453416149068,0.439799272729
2,1,800,8000,1.0,sem,Lab,1,0.869565217391,0.21847133758,0.461538461538,0.516525005503
2,1,800,8000,1.0,sem,ab,2,0.69391634981,0.079730357973,0.506756756757,0.426801154847
2,1,800,8000,1.0,sem,Lab,2,0.869565217391,0.21791613723,0.437125748503,0.508202367708
2,1,800,8000,1.0,campo,ab,0,0.832591273375,0.354705274043,0.518518518519,0.568605021979
2,1,800,8000,1.0,campo,Lab,0,0.87617260788,0.507396449704,0.394594594595,0.592721217393
2,1,800,8000,1.0,campo,ab,1,0.832591273375,0.354705274043,0.518518518519,0.568605021979
2,1,800,8000,1.0,campo,Lab,1,0.883632923368,0.496382054993,0.365,0.581671659454
2,1,800,8000,1.0,campo,ab,2,0.843580470163,0.355440414508,0.421965317919,0.540328734197
2,1,800,8000,1.0,campo,Lab,2,0.87617260788,0.620253164557,0.503597122302,0.666674298246
2,1,800,8000,1.5,sem,ab,0,0.805286343612,0.0184905660377,0.453038674033,0.425605194561
2,1,800,8000,1.5,sem,Lab,0,0.874641148325,0.136219221604,0.326271186441,0.44571051879
2,1,800,8000,1.5,sem,ab,1,0.805996472663,0.0179318276872,0.55,0.457976100117
2,1,800,8000,1.5,sem,Lab,1,0.887378640777,0.146895074946,0.422222222222,0.485498645982
2,1,800,8000,1.5,sem,ab,2,0.804405286344,0.0179271415878,0.447674418605,0.423335615512
2,1,800,8000,1.5,sem,Lab,2,0.877159309021,0.136435958632,0.302521008403,0.438705425352
2,1,800,8000,1.5,campo,ab,0,0.780984719864,0.325426944972,0.509803921569,0.538738528801
2,1,800,8000,1.5,campo,Lab,0,0.912228796844,0.375684556407,0.476470588235,0.588127980496
2,1,800,8000,1.5,campo,ab,1,0.754019292605,0.369214208827,0.517730496454,0.546987999295
2,1,800,8000,1.5,campo,Lab,1,0.912745098039,0.358037578288,0.513698630137,0.594827102155
2,1,800,8000,1.5,campo,ab,2,0.723765432099,0.369612068966,0.509803921569,0.534393807544
2,1,800,8000,1.5,campo,Lab,2,0.879812206573,0.373231773667,0.437837837838,0.563627272693
